Effective Date,Close Value,Difference,Differ%,gan Year,G Year,G Month
06/30/1896,36.15,-4.480000000000004,0.89,丙,申,未
07/31/1896,32.02,-4.1299999999999955,0.886,丙,申,申
08/31/1896,31.97,-0.05000000000000426,0.998,丙,申,酉
09/30/1896,36.05,4.079999999999998,1.128,丙,申,戌
10/31/1896,39.53,3.480000000000004,1.097,丙,申,亥
11/30/1896,41,1.4699999999999989,1.037,丙,申,子
12/31/1896,40.45,-0.5499999999999972,0.987,丙,申,丑
01/30/1897,42.56,2.1099999999999994,1.052,丁,酉,寅
02/27/1897,41.71,-0.8500000000000014,0.98,丁,酉,卯
03/31/1897,39.47,-2.240000000000002,0.946,丁,酉,辰
04/30/1897,38.96,-0.509999999999998,0.987,丁,酉,巳
05/29/1897,39.91,0.9499999999999957,1.024,丁,酉,午
06/30/1897,44.1,4.190000000000005,1.105,丁,酉,未
07/31/1897,47.88,3.780000000000001,1.086,丁,酉,申
08/31/1897,54.81,6.93,1.145,丁,酉,酉
09/30/1897,50.98,-3.8300000000000054,0.93,丁,酉,戌
10/30/1897,49.03,-1.9499999999999957,0.962,丁,酉,亥
11/30/1897,47.46,-1.5700000000000003,0.968,丁,酉,子
12/31/1897,49.41,1.9499999999999957,1.041,丁,酉,丑
01/31/1898,50.01,0.6000000000000014,1.012,戊,戌,寅
02/28/1898,46.17,-3.8399999999999963,0.923,戊,戌,卯
03/31/1898,45.42,-0.75,0.984,戊,戌,辰
04/30/1898,46,0.5799999999999983,1.013,戊,戌,巳
05/31/1898,52.74,6.740000000000002,1.147,戊,戌,午
06/30/1898,52.62,-0.12000000000000455,0.998,戊,戌,未
07/30/1898,54.2,1.5800000000000054,1.03,戊,戌,申
08/31/1898,60.35,6.149999999999999,1.113,戊,戌,酉
09/30/1898,53.44,-6.910000000000004,0.886,戊,戌,戌
10/31/1898,55.43,1.990000000000002,1.037,戊,戌,亥
11/30/1898,57.2,1.7700000000000031,1.032,戊,戌,子
12/30/1898,60.52,3.3200000000000003,1.058,戊,戌,丑
01/31/1899,64.35,3.829999999999991,1.063,己,亥,寅
02/28/1899,66.78,2.430000000000007,1.038,己,亥,卯
03/30/1899,74.33,7.549999999999997,1.113,己,亥,辰
04/29/1899,76.71,2.3799999999999955,1.032,己,亥,巳
05/31/1899,67.51,-9.199999999999989,0.88,己,亥,午
06/30/1899,70.38,2.8699999999999903,1.043,己,亥,未
07/31/1899,73.73,3.3500000000000085,1.048,己,亥,申
08/31/1899,75.66,1.9299999999999926,1.026,己,亥,酉
09/28/1899,72.87,-2.789999999999992,0.963,己,亥,戌
10/31/1899,74.97,2.0999999999999943,1.029,己,亥,亥
11/29/1899,75.55,0.5799999999999983,1.008,己,亥,子
12/30/1899,66.08,-9.469999999999999,0.875,己,亥,丑
01/31/1900,66.13,0.04999999999999716,1.001,庚,子,寅
02/28/1900,63.96,-2.1699999999999946,0.967,庚,子,卯
03/31/1900,66.02,2.059999999999995,1.032,庚,子,辰
04/30/1900,61.33,-4.689999999999998,0.929,庚,子,巳
05/31/1900,59.1,-2.229999999999997,0.964,庚,子,午
06/30/1900,54.93,-4.170000000000002,0.929,庚,子,未
07/31/1900,56.8,1.8699999999999974,1.034,庚,子,申
08/31/1900,57.81,1.0100000000000051,1.018,庚,子,酉
09/29/1900,54.27,-3.539999999999999,0.939,庚,子,戌
10/31/1900,59.04,4.769999999999996,1.088,庚,子,亥
11/30/1900,66.59,7.550000000000004,1.128,庚,子,子
12/31/1900,70.71,4.11999999999999,1.062,庚,子,丑
01/31/1901,66.81,-3.8999999999999915,0.945,辛,丑,寅
02/28/1901,67,0.18999999999999773,1.003,辛,丑,卯
03/30/1901,69.92,2.9200000000000017,1.044,辛,丑,辰
04/30/1901,75.8,5.8799999999999955,1.084,辛,丑,巳
05/31/1901,75.77,-0.030000000000001137,1.0,辛,丑,午
06/29/1901,77.94,2.1700000000000017,1.029,辛,丑,未
07/31/1901,71.63,-6.310000000000002,0.919,辛,丑,申
08/30/1901,73.47,1.8400000000000034,1.026,辛,丑,酉
09/30/1901,66.66,-6.810000000000002,0.907,辛,丑,戌
10/31/1901,64.45,-2.2099999999999937,0.967,辛,丑,亥
11/30/1901,65.01,0.5600000000000023,1.009,辛,丑,子
12/31/1901,64.56,-0.45000000000000284,0.993,辛,丑,丑
01/31/1902,64.95,0.39000000000000057,1.006,壬,寅,寅
02/28/1902,64.81,-0.14000000000000057,0.998,壬,寅,卯
03/31/1902,67.19,2.3799999999999955,1.037,壬,寅,辰
04/30/1902,67.01,-0.1799999999999926,0.997,壬,寅,巳
05/29/1902,66.42,-0.5900000000000034,0.991,壬,寅,午
06/30/1902,64.31,-2.1099999999999994,0.968,壬,寅,未
07/31/1902,65.82,1.509999999999991,1.023,壬,寅,申
08/29/1902,66.28,0.46000000000000796,1.007,壬,寅,酉
09/30/1902,66.15,-0.12999999999999545,0.998,壬,寅,戌
10/31/1902,66.05,-0.10000000000000853,0.998,壬,寅,亥
11/29/1902,62.05,-4.0,0.939,壬,寅,子
12/31/1902,64.29,2.240000000000009,1.036,壬,寅,丑
01/31/1903,65.18,0.8900000000000006,1.014,癸,卯,寅
02/28/1903,66.19,1.009999999999991,1.015,癸,卯,卯
03/31/1903,63.64,-2.549999999999997,0.961,癸,卯,辰
04/30/1903,63.78,0.14000000000000057,1.002,癸,卯,巳
05/29/1903,60.27,-3.509999999999998,0.945,癸,卯,午
06/30/1903,59.08,-1.1900000000000048,0.98,癸,卯,未
07/31/1903,50.76,-8.32,0.859,癸,卯,申
08/31/1903,53.19,2.4299999999999997,1.048,癸,卯,酉
09/30/1903,45.8,-7.390000000000001,0.861,癸,卯,戌
10/31/1903,45.13,-0.6699999999999946,0.985,癸,卯,亥
11/30/1903,44.33,-0.8000000000000043,0.982,癸,卯,子
12/31/1903,49.11,4.780000000000001,1.108,癸,卯,丑
01/30/1904,48.91,-0.20000000000000284,0.996,甲,辰,寅
02/29/1904,47.53,-1.3799999999999955,0.972,甲,辰,卯
03/31/1904,49.12,1.5899999999999963,1.033,甲,辰,辰
04/30/1904,48.8,-0.3200000000000003,0.993,甲,辰,巳
05/31/1904,48.18,-0.6199999999999974,0.987,甲,辰,午
06/30/1904,49.25,1.0700000000000003,1.022,甲,辰,未
07/30/1904,52.13,2.8800000000000026,1.058,甲,辰,申
08/31/1904,54.57,2.4399999999999977,1.047,甲,辰,酉
09/30/1904,57.59,3.020000000000003,1.055,甲,辰,戌
10/31/1904,63.03,5.439999999999998,1.094,甲,辰,亥
11/30/1904,72.02,8.989999999999995,1.143,甲,辰,子
12/31/1904,69.61,-2.4099999999999966,0.967,甲,辰,丑
01/31/1905,71.33,1.7199999999999989,1.025,乙,巳,寅
02/28/1905,75.15,3.8200000000000074,1.054,乙,巳,卯
03/31/1905,80.02,4.86999999999999,1.065,乙,巳,辰
04/29/1905,76.08,-3.9399999999999977,0.951,乙,巳,巳
05/31/1905,74.32,-1.7600000000000051,0.977,乙,巳,午
06/30/1905,76.87,2.5500000000000114,1.034,乙,巳,未
07/31/1905,81.7,4.829999999999998,1.063,乙,巳,申
08/31/1905,80.63,-1.0700000000000074,0.987,乙,巳,酉
09/30/1905,81.9,1.2700000000000102,1.016,乙,巳,戌
10/31/1905,83.77,1.8699999999999903,1.023,乙,巳,亥
11/29/1905,89.89,6.1200000000000045,1.073,乙,巳,子
12/30/1905,96.2,6.310000000000002,1.07,乙,巳,丑
01/31/1906,100.69,4.489999999999995,1.047,丙,午,寅
02/28/1906,93.94,-6.75,0.933,丙,午,卯
03/31/1906,96.95,3.010000000000005,1.032,丙,午,辰
04/30/1906,90.53,-6.420000000000002,0.934,丙,午,巳
05/31/1906,93.75,3.219999999999999,1.036,丙,午,午
06/30/1906,87.01,-6.739999999999995,0.928,丙,午,未
07/31/1906,92.41,5.3999999999999915,1.062,丙,午,申
08/31/1906,94.01,1.6000000000000085,1.017,丙,午,酉
09/29/1906,94.84,0.8299999999999983,1.009,丙,午,戌
10/31/1906,92.91,-1.9300000000000068,0.98,丙,午,亥
11/30/1906,95.12,2.210000000000008,1.024,丙,午,子
12/31/1906,94.35,-0.7700000000000102,0.992,丙,午,丑
01/31/1907,91.7,-2.6499999999999915,0.972,丁,未,寅
02/28/1907,90.54,-1.1599999999999966,0.987,丁,未,卯
03/29/1907,80.15,-10.39,0.885,丁,未,辰
04/30/1907,84.3,4.1499999999999915,1.052,丁,未,巳
05/31/1907,78.1,-6.200000000000003,0.926,丁,未,午
06/29/1907,80.36,2.260000000000005,1.029,丁,未,未
07/31/1907,78.87,-1.4899999999999949,0.981,丁,未,申
08/30/1907,72.28,-6.590000000000003,0.916,丁,未,酉
09/30/1907,67.72,-4.560000000000002,0.937,丁,未,戌
10/31/1907,57.7,-10.019999999999996,0.852,丁,未,亥
11/30/1907,58.41,0.7099999999999937,1.012,丁,未,子
12/31/1907,58.75,0.3400000000000034,1.006,丁,未,丑
01/31/1908,62.7,3.950000000000003,1.067,戊,申,寅
02/29/1908,60.54,-2.1600000000000037,0.966,戊,申,卯
03/31/1908,67.51,6.970000000000006,1.115,戊,申,辰
04/30/1908,69.55,2.039999999999992,1.03,戊,申,巳
05/29/1908,72.76,3.210000000000008,1.046,戊,申,午
06/30/1908,72.59,-0.1700000000000017,0.998,戊,申,未
07/31/1908,80.34,7.75,1.107,戊,申,申
08/31/1908,84.66,4.319999999999993,1.054,戊,申,酉
09/30/1908,79.93,-4.72999999999999,0.944,戊,申,戌
10/31/1908,82.53,2.5999999999999943,1.033,戊,申,亥
11/30/1908,87.3,4.769999999999996,1.058,戊,申,子
12/31/1908,86.15,-1.1499999999999915,0.987,戊,申,丑
01/30/1909,84.09,-2.0600000000000023,0.976,己,酉,寅
02/27/1909,81.85,-2.240000000000009,0.973,己,酉,卯
03/31/1909,86.12,4.27000000000001,1.052,己,酉,辰
04/30/1909,88.29,2.1700000000000017,1.025,己,酉,巳
05/28/1909,92.18,3.8900000000000006,1.044,己,酉,午
06/30/1909,92.28,0.09999999999999432,1.001,己,酉,未
07/31/1909,96.79,4.510000000000005,1.049,己,酉,申
08/31/1909,97.9,1.1099999999999994,1.011,己,酉,酉
09/30/1909,99.55,1.6499999999999915,1.017,己,酉,戌
10/30/1909,99.07,-0.480000000000004,0.995,己,酉,亥
11/30/1909,96.02,-3.049999999999997,0.969,己,酉,子
12/31/1909,99.05,3.030000000000001,1.032,己,酉,丑
01/31/1910,91.91,-7.140000000000001,0.928,庚,戌,寅
02/28/1910,91.34,-0.5699999999999932,0.994,庚,戌,卯
03/31/1910,89.71,-1.6300000000000097,0.982,庚,戌,辰
04/30/1910,86.2,-3.509999999999991,0.961,庚,戌,巳
05/31/1910,86.32,0.11999999999999034,1.001,庚,戌,午
06/30/1910,81.18,-5.139999999999986,0.94,庚,戌,未
07/30/1910,76.48,-4.700000000000003,0.942,庚,戌,申
08/31/1910,79.68,3.200000000000003,1.042,庚,戌,酉
09/30/1910,79.72,0.03999999999999204,1.001,庚,戌,戌
10/31/1910,84.77,5.049999999999997,1.063,庚,戌,亥
11/30/1910,82.52,-2.25,0.973,庚,戌,子
12/31/1910,81.36,-1.1599999999999966,0.986,庚,戌,丑
01/31/1911,84.93,3.5700000000000074,1.044,辛,亥,寅
02/28/1911,85.02,0.0899999999999892,1.001,辛,亥,卯
03/31/1911,83.27,-1.75,0.979,辛,亥,辰
04/29/1911,83.65,0.38000000000000966,1.005,辛,亥,巳
05/31/1911,85.55,1.8999999999999915,1.023,辛,亥,午
06/30/1911,85.98,0.4300000000000068,1.005,辛,亥,未
07/31/1911,86.02,0.03999999999999204,1.0,辛,亥,申
08/31/1911,79.25,-6.769999999999996,0.921,辛,亥,酉
09/30/1911,76.31,-2.9399999999999977,0.963,辛,亥,戌
10/31/1911,75.79,-0.519999999999996,0.993,辛,亥,亥
11/29/1911,80.97,5.179999999999993,1.068,辛,亥,子
12/30/1911,81.68,0.710000000000008,1.009,辛,亥,丑
01/31/1912,80.19,-1.490000000000009,0.982,壬,子,寅
02/29/1912,81.4,1.210000000000008,1.015,壬,子,卯
03/30/1912,88.27,6.86999999999999,1.084,壬,子,辰
04/30/1912,90.3,2.030000000000001,1.023,壬,子,巳
05/31/1912,88.01,-2.289999999999992,0.975,壬,子,午
06/29/1912,90.92,2.9099999999999966,1.033,壬,子,未
07/31/1912,89.71,-1.210000000000008,0.987,壬,子,申
08/30/1912,91.57,1.8599999999999994,1.021,壬,子,酉
09/30/1912,94.15,2.5800000000000125,1.028,壬,子,戌
10/31/1912,90.71,-3.440000000000012,0.963,壬,子,亥
11/30/1912,91.4,0.6900000000000119,1.008,壬,子,子
12/31/1912,87.87,-3.530000000000001,0.961,壬,子,丑
01/31/1913,83.72,-4.150000000000006,0.953,癸,丑,寅
02/28/1913,80.32,-3.4000000000000057,0.959,癸,丑,卯
03/31/1913,80.92,0.6000000000000085,1.007,癸,丑,辰
04/30/1913,78.54,-2.3799999999999955,0.971,癸,丑,巳
05/29/1913,78.38,-0.1600000000000108,0.998,癸,丑,午
06/30/1913,74.89,-3.489999999999995,0.955,癸,丑,未
07/31/1913,78.48,3.5900000000000034,1.048,癸,丑,申
08/29/1913,81.81,3.3299999999999983,1.042,癸,丑,酉
09/30/1913,80.37,-1.4399999999999977,0.982,癸,丑,戌
10/31/1913,78.3,-2.0700000000000074,0.974,癸,丑,亥
11/29/1913,75.94,-2.3599999999999994,0.97,癸,丑,子
12/31/1913,78.78,2.8400000000000034,1.037,癸,丑,丑
01/31/1914,82.85,4.069999999999993,1.052,甲,寅,寅
02/28/1914,82.26,-0.5899999999999892,0.993,甲,寅,卯
03/31/1914,82.39,0.12999999999999545,1.002,甲,寅,辰
04/30/1914,79.12,-3.269999999999996,0.96,甲,寅,巳
05/29/1914,81.57,2.4499999999999886,1.031,甲,寅,午
06/30/1914,80.66,-0.9099999999999966,0.989,甲,寅,未
07/30/1914,71.42,-9.239999999999995,0.885,甲,寅,申
12/31/1914,54.58,-16.840000000000003,0.764,甲,寅,丑
01/30/1915,57.16,2.5799999999999983,1.047,乙,卯,寅
02/27/1915,55.18,-1.9799999999999969,0.965,乙,卯,卯
03/31/1915,60.83,5.649999999999999,1.102,乙,卯,辰
04/30/1915,71.78,10.950000000000003,1.18,乙,卯,巳
05/29/1915,64.67,-7.109999999999999,0.901,乙,卯,午
06/30/1915,70.06,5.390000000000001,1.083,乙,卯,未
07/31/1915,75.34,5.280000000000001,1.075,乙,卯,申
08/31/1915,81.2,5.859999999999999,1.078,乙,卯,酉
09/30/1915,90.58,9.379999999999995,1.116,乙,卯,戌
10/30/1915,96.02,5.439999999999998,1.06,乙,卯,亥
11/30/1915,96.71,0.6899999999999977,1.007,乙,卯,子
12/31/1915,99.15,2.440000000000012,1.025,乙,卯,丑
01/31/1916,90.58,-8.570000000000007,0.914,丙,辰,寅
02/29/1916,91.03,0.45000000000000284,1.005,丙,辰,卯
03/31/1916,93.25,2.219999999999999,1.024,丙,辰,辰
04/29/1916,89.78,-3.469999999999999,0.963,丙,辰,巳
05/31/1916,91.8,2.019999999999996,1.022,丙,辰,午
06/30/1916,89.58,-2.219999999999999,0.976,丙,辰,未
07/31/1916,89.25,-0.3299999999999983,0.996,丙,辰,申
08/31/1916,92.25,3.0,1.034,丙,辰,酉
09/30/1916,102.9,10.650000000000006,1.115,丙,辰,戌
10/31/1916,104.61,1.7099999999999937,1.017,丙,辰,亥
11/29/1916,105.97,1.3599999999999994,1.013,丙,辰,子
12/29/1916,95,-10.969999999999999,0.896,丙,辰,丑
01/31/1917,95.43,0.4300000000000068,1.005,丁,巳,寅
02/28/1917,91.56,-3.8700000000000045,0.959,丁,巳,卯
03/31/1917,95.41,3.8499999999999943,1.042,丁,巳,辰
04/30/1917,93.23,-2.1799999999999926,0.977,丁,巳,巳
05/31/1917,97.38,4.1499999999999915,1.045,丁,巳,午
06/30/1917,95.87,-1.509999999999991,0.984,丁,巳,未
07/31/1917,91.75,-4.1200000000000045,0.957,丁,巳,申
08/31/1917,83.4,-8.349999999999994,0.909,丁,巳,酉
09/29/1917,83.81,0.4099999999999966,1.005,丁,巳,戌
10/31/1917,74.5,-9.310000000000002,0.889,丁,巳,亥
11/30/1917,72.65,-1.8499999999999943,0.975,丁,巳,子
12/31/1917,74.38,1.7299999999999898,1.024,丁,巳,丑
01/31/1918,79.8,5.420000000000002,1.073,戊,午,寅
02/28/1918,80.39,0.5900000000000034,1.007,戊,午,卯
03/30/1918,76.72,-3.6700000000000017,0.954,戊,午,辰
04/30/1918,77.51,0.7900000000000063,1.01,戊,午,巳
05/31/1918,78.08,0.5699999999999932,1.007,戊,午,午
06/29/1918,82.68,4.6000000000000085,1.059,戊,午,未
07/31/1918,81.23,-1.4500000000000028,0.982,戊,午,申
08/31/1918,82.84,1.6099999999999994,1.02,戊,午,酉
09/30/1918,84.68,1.8400000000000034,1.022,戊,午,戌
10/31/1918,85.51,0.8299999999999983,1.01,戊,午,亥
11/30/1918,81.13,-4.38000000000001,0.949,戊,午,子
12/31/1918,82.2,1.0700000000000074,1.013,戊,午,丑
01/31/1919,80.61,-1.5900000000000034,0.981,己,未,寅
02/28/1919,84.81,4.200000000000003,1.052,己,未,卯
03/31/1919,88.85,4.039999999999992,1.048,己,未,辰
04/30/1919,92.88,4.030000000000001,1.045,己,未,巳
05/29/1919,105.5,12.620000000000005,1.136,己,未,午
06/30/1919,106.98,1.480000000000004,1.014,己,未,未
07/31/1919,107.16,0.1799999999999926,1.002,己,未,申
08/29/1919,104.75,-2.4099999999999966,0.978,己,未,酉
09/30/1919,111.42,6.670000000000002,1.064,己,未,戌
10/31/1919,118.92,7.5,1.067,己,未,亥
11/29/1919,103.6,-15.320000000000007,0.871,己,未,子
12/31/1919,107.23,3.6300000000000097,1.035,己,未,丑
01/31/1920,103.82,-3.410000000000011,0.968,庚,申,寅
02/28/1920,91.31,-12.509999999999991,0.88,庚,申,卯
03/31/1920,102.81,11.5,1.126,庚,申,辰
04/30/1920,93.54,-9.269999999999996,0.91,庚,申,巳
05/29/1920,92.06,-1.480000000000004,0.984,庚,申,午
06/30/1920,90.76,-1.2999999999999972,0.986,庚,申,未
07/31/1920,86.85,-3.910000000000011,0.957,庚,申,申
08/31/1920,86.16,-0.6899999999999977,0.992,庚,申,酉
09/30/1920,82.95,-3.2099999999999937,0.963,庚,申,戌
10/30/1920,84.95,2.0,1.024,庚,申,亥
11/30/1920,76.04,-8.909999999999997,0.895,庚,申,子
12/31/1920,71.95,-4.090000000000003,0.946,庚,申,丑
01/31/1921,76.13,4.179999999999993,1.058,辛,酉,寅
02/28/1921,74.98,-1.1499999999999915,0.985,辛,酉,卯
03/31/1921,75.76,0.7800000000000011,1.01,辛,酉,辰
04/30/1921,78.84,3.0799999999999983,1.041,辛,酉,巳
05/31/1921,73.44,-5.400000000000006,0.932,辛,酉,午
06/30/1921,68.45,-4.989999999999995,0.932,辛,酉,未
07/30/1921,68.86,0.4099999999999966,1.006,辛,酉,申
08/31/1921,67.11,-1.75,0.975,辛,酉,酉
09/30/1921,71.08,3.969999999999999,1.059,辛,酉,戌
10/31/1921,73.21,2.1299999999999955,1.03,辛,酉,亥
11/30/1921,77.3,4.090000000000003,1.056,辛,酉,子
12/31/1921,81.1,3.799999999999997,1.049,辛,酉,丑
01/31/1922,81.3,0.20000000000000284,1.002,壬,戌,寅
02/28/1922,85.46,4.159999999999997,1.051,壬,戌,卯
03/31/1922,89.05,3.5900000000000034,1.042,壬,戌,辰
04/29/1922,92.74,3.6899999999999977,1.041,壬,戌,巳
05/31/1922,95.63,2.8900000000000006,1.031,壬,戌,午
06/30/1922,92.93,-2.6999999999999886,0.972,壬,戌,未
07/31/1922,97.05,4.11999999999999,1.044,壬,戌,申
08/31/1922,100.78,3.730000000000004,1.038,壬,戌,酉
09/30/1922,96.3,-4.480000000000004,0.956,壬,戌,戌
10/31/1922,96.11,-0.18999999999999773,0.998,壬,戌,亥
11/29/1922,94.65,-1.4599999999999937,0.985,壬,戌,子
12/30/1922,98.73,4.079999999999998,1.043,壬,戌,丑
01/31/1923,97.43,-1.2999999999999972,0.987,癸,亥,寅
02/28/1923,103.9,6.469999999999999,1.066,癸,亥,卯
03/31/1923,102.75,-1.1500000000000057,0.989,癸,亥,辰
04/30/1923,98.38,-4.3700000000000045,0.957,癸,亥,巳
05/31/1923,97.53,-0.8499999999999943,0.991,癸,亥,午
06/30/1923,87.85,-9.680000000000007,0.901,癸,亥,未
07/31/1923,86.91,-0.9399999999999977,0.989,癸,亥,申
08/31/1923,93.46,6.549999999999997,1.075,癸,亥,酉
09/29/1923,87.89,-5.569999999999993,0.94,癸,亥,戌
10/31/1923,88.53,0.6400000000000006,1.007,癸,亥,亥
11/30/1923,92.34,3.8100000000000023,1.043,癸,亥,子
12/31/1923,95.52,3.1799999999999926,1.034,癸,亥,丑
01/31/1924,100.66,5.140000000000001,1.054,甲,子,寅
02/29/1924,97.22,-3.4399999999999977,0.966,甲,子,卯
03/31/1924,93.01,-4.209999999999994,0.957,甲,子,辰
04/30/1924,90.63,-2.3800000000000097,0.974,甲,子,巳
05/29/1924,89.9,-0.7299999999999898,0.992,甲,子,午
06/30/1924,96.37,6.469999999999999,1.072,甲,子,未
07/31/1924,102.14,5.769999999999996,1.06,甲,子,申
08/30/1924,105.16,3.019999999999996,1.03,甲,子,酉
09/30/1924,103.16,-2.0,0.981,甲,子,戌
10/31/1924,104.06,0.9000000000000057,1.009,甲,子,亥
11/29/1924,111.38,7.319999999999993,1.07,甲,子,子
12/31/1924,120.51,9.13000000000001,1.082,甲,子,丑
01/31/1925,123.22,2.7099999999999937,1.022,乙,丑,寅
02/28/1925,122.71,-0.5100000000000051,0.996,乙,丑,卯
03/31/1925,116.75,-5.959999999999994,0.951,乙,丑,辰
04/30/1925,120.01,3.260000000000005,1.028,乙,丑,巳
05/29/1925,129.95,9.939999999999984,1.083,乙,丑,午
06/30/1925,131.01,1.0600000000000023,1.008,乙,丑,未
07/31/1925,133.81,2.8000000000000114,1.021,乙,丑,申
08/31/1925,141.18,7.3700000000000045,1.055,乙,丑,酉
09/30/1925,143.46,2.280000000000001,1.016,乙,丑,戌
10/31/1925,156.52,13.060000000000002,1.091,乙,丑,亥
11/30/1925,151.08,-5.439999999999998,0.965,乙,丑,子
12/31/1925,156.66,5.579999999999984,1.037,乙,丑,丑
01/30/1926,157.44,0.7800000000000011,1.005,丙,寅,寅
02/27/1926,154.45,-2.990000000000009,0.981,丙,寅,卯
03/31/1926,140.46,-13.98999999999998,0.909,丙,寅,辰
04/30/1926,143.71,3.25,1.023,丙,寅,巳
05/28/1926,143.43,-0.28000000000000114,0.998,丙,寅,午
06/30/1926,153.04,9.609999999999985,1.067,丙,寅,未
07/31/1926,160.47,7.430000000000007,1.049,丙,寅,申
08/31/1926,162.51,2.039999999999992,1.013,丙,寅,酉
09/30/1926,158.19,-4.319999999999993,0.973,丙,寅,戌
10/30/1926,150.38,-7.810000000000002,0.951,丙,寅,亥
11/30/1926,156.55,6.170000000000016,1.041,丙,寅,子
12/31/1926,157.2,0.6499999999999773,1.004,丙,寅,丑
01/31/1927,156.41,-0.789999999999992,0.995,丁,卯,寅
02/28/1927,161.96,5.550000000000011,1.035,丁,卯,卯
03/31/1927,160.08,-1.8799999999999955,0.988,丁,卯,辰
04/30/1927,164.21,4.1299999999999955,1.026,丁,卯,巳
05/31/1927,172.96,8.75,1.053,丁,卯,午
06/30/1927,166.23,-6.730000000000018,0.961,丁,卯,未
07/30/1927,182.61,16.380000000000024,1.099,丁,卯,申
08/31/1927,189.79,7.179999999999978,1.039,丁,卯,酉
09/30/1927,197.59,7.800000000000011,1.041,丁,卯,戌
10/31/1927,181.73,-15.860000000000014,0.92,丁,卯,亥
11/30/1927,198.21,16.480000000000018,1.091,丁,卯,子
12/31/1927,202.4,4.189999999999998,1.021,丁,卯,丑
01/31/1928,198.59,-3.8100000000000023,0.981,戊,辰,寅
02/29/1928,194.78,-3.8100000000000023,0.981,戊,辰,卯
03/31/1928,213.35,18.569999999999993,1.095,戊,辰,辰
04/30/1928,211.63,-1.7199999999999989,0.992,戊,辰,巳
05/31/1928,219.81,8.180000000000007,1.039,戊,辰,午
06/30/1928,210.55,-9.259999999999991,0.958,戊,辰,未
07/31/1928,216,5.449999999999989,1.026,戊,辰,申
08/31/1928,240.41,24.409999999999997,1.113,戊,辰,酉
09/29/1928,239.43,-0.9799999999999898,0.996,戊,辰,戌
10/31/1928,252.16,12.72999999999999,1.053,戊,辰,亥
11/30/1928,293.38,41.22,1.163,戊,辰,子
12/31/1928,300,6.6200000000000045,1.023,戊,辰,丑
01/31/1929,317.51,17.50999999999999,1.058,己,巳,寅
02/28/1929,317.41,-0.0999999999999659,1.0,己,巳,卯
03/28/1929,308.85,-8.560000000000002,0.973,己,巳,辰
04/30/1929,319.29,10.439999999999998,1.034,己,巳,巳
05/31/1929,297.41,-21.879999999999995,0.931,己,巳,午
06/29/1929,333.79,36.379999999999995,1.122,己,巳,未
07/31/1929,347.7,13.909999999999968,1.042,己,巳,申
08/30/1929,380.33,32.629999999999995,1.094,己,巳,酉
09/30/1929,343.45,-36.879999999999995,0.903,己,巳,戌
10/31/1929,273.51,-69.94,0.796,己,巳,亥
11/27/1929,238.95,-34.56,0.874,己,巳,子
12/31/1929,248.48,9.530000000000001,1.04,己,巳,丑
01/31/1930,267.14,18.659999999999997,1.075,庚,午,寅
02/28/1930,271.11,3.9700000000000273,1.015,庚,午,卯
03/31/1930,286.1,14.990000000000009,1.055,庚,午,辰
04/30/1930,279.23,-6.8700000000000045,0.976,庚,午,巳
05/29/1930,275.07,-4.160000000000025,0.985,庚,午,午
06/30/1930,226.34,-48.72999999999999,0.823,庚,午,未
07/31/1930,233.99,7.650000000000006,1.034,庚,午,申
08/29/1930,240.42,6.429999999999978,1.027,庚,午,酉
09/30/1930,204.9,-35.51999999999998,0.852,庚,午,戌
10/31/1930,183.35,-21.55000000000001,0.895,庚,午,亥
11/29/1930,183.39,0.03999999999999204,1.0,庚,午,子
12/31/1930,164.58,-18.809999999999974,0.897,庚,午,丑
01/31/1931,167.55,2.969999999999999,1.018,辛,未,寅
02/28/1931,189.66,22.109999999999985,1.132,辛,未,卯
03/31/1931,172.36,-17.299999999999983,0.909,辛,未,辰
04/30/1931,151.19,-21.170000000000016,0.877,辛,未,巳
05/29/1931,128.46,-22.72999999999999,0.85,辛,未,午
06/30/1931,150.18,21.72,1.169,辛,未,未
07/31/1931,135.39,-14.79000000000002,0.902,辛,未,申
08/31/1931,139.41,4.02000000000001,1.03,辛,未,酉
09/30/1931,96.61,-42.8,0.693,辛,未,戌
10/31/1931,105.43,8.820000000000007,1.091,辛,未,亥
11/30/1931,93.87,-11.560000000000002,0.89,辛,未,子
12/31/1931,77.9,-15.969999999999999,0.83,辛,未,丑
01/30/1932,76.19,-1.710000000000008,0.978,壬,申,寅
02/29/1932,81.44,5.25,1.069,壬,申,卯
03/31/1932,73.28,-8.159999999999997,0.9,壬,申,辰
04/30/1932,56.11,-17.17,0.766,壬,申,巳
05/31/1932,44.74,-11.369999999999997,0.797,壬,申,午
06/30/1932,42.84,-1.8999999999999986,0.958,壬,申,未
07/30/1932,54.26,11.419999999999995,1.267,壬,申,申
08/31/1932,73.16,18.9,1.348,壬,申,酉
09/30/1932,71.56,-1.5999999999999943,0.978,壬,申,戌
10/31/1932,61.9,-9.660000000000004,0.865,壬,申,亥
11/30/1932,56.35,-5.549999999999997,0.91,壬,申,子
12/31/1932,59.93,3.5799999999999983,1.064,壬,申,丑
01/31/1933,60.9,0.9699999999999989,1.016,癸,酉,寅
02/28/1933,51.39,-9.509999999999998,0.844,癸,酉,卯
03/31/1933,55.4,4.009999999999998,1.078,癸,酉,辰
04/29/1933,77.66,22.259999999999998,1.402,癸,酉,巳
05/31/1933,88.11,10.450000000000003,1.135,癸,酉,午
06/30/1933,98.14,10.030000000000001,1.114,癸,酉,未
07/31/1933,90.77,-7.3700000000000045,0.925,癸,酉,申
08/31/1933,102.41,11.64,1.128,癸,酉,酉
09/30/1933,94.82,-7.590000000000003,0.926,癸,酉,戌
10/31/1933,88.16,-6.659999999999997,0.93,癸,酉,亥
11/29/1933,98.14,9.980000000000004,1.113,癸,酉,子
12/30/1933,99.9,1.7600000000000051,1.018,癸,酉,丑
01/31/1934,107.22,7.319999999999993,1.073,甲,戌,寅
02/28/1934,103.46,-3.760000000000005,0.965,甲,戌,卯
03/31/1934,101.85,-1.6099999999999994,0.984,甲,戌,辰
04/30/1934,100.49,-1.3599999999999994,0.987,甲,戌,巳
05/31/1934,94,-6.489999999999995,0.935,甲,戌,午
06/30/1934,95.72,1.7199999999999989,1.018,甲,戌,未
07/31/1934,88.05,-7.670000000000002,0.92,甲,戌,申
08/31/1934,92.86,4.810000000000002,1.055,甲,戌,酉
09/29/1934,92.63,-0.23000000000000398,0.998,甲,戌,戌
10/31/1934,93.36,0.730000000000004,1.008,甲,戌,亥
11/30/1934,102.94,9.579999999999998,1.103,甲,戌,子
12/31/1934,104.04,1.1000000000000085,1.011,甲,戌,丑
01/31/1935,101.69,-2.3500000000000085,0.977,乙,亥,寅
02/28/1935,102.38,0.6899999999999977,1.007,乙,亥,卯
03/30/1935,100.81,-1.5699999999999932,0.985,乙,亥,辰
04/30/1935,109.45,8.64,1.086,乙,亥,巳
05/31/1935,110.64,1.1899999999999977,1.011,乙,亥,午
06/29/1935,118.21,7.569999999999993,1.068,乙,亥,未
07/31/1935,126.23,8.02000000000001,1.068,乙,亥,申
08/31/1935,127.89,1.6599999999999966,1.013,乙,亥,酉
09/30/1935,131.92,4.029999999999987,1.032,乙,亥,戌
10/31/1935,139.74,7.820000000000022,1.059,乙,亥,亥
11/30/1935,142.35,2.609999999999985,1.019,乙,亥,子
12/31/1935,144.13,1.7800000000000011,1.013,乙,亥,丑
01/31/1936,149.49,5.360000000000014,1.037,丙,子,寅
02/29/1936,152.15,2.6599999999999966,1.018,丙,子,卯
03/31/1936,156.34,4.189999999999998,1.028,丙,子,辰
04/30/1936,145.67,-10.670000000000016,0.932,丙,子,巳
05/29/1936,152.64,6.969999999999999,1.048,丙,子,午
06/30/1936,157.69,5.050000000000011,1.033,丙,子,未
07/31/1936,164.86,7.170000000000016,1.045,丙,子,申
08/31/1936,166.29,1.4299999999999784,1.009,丙,子,酉
09/30/1936,167.82,1.5300000000000011,1.009,丙,子,戌
10/31/1936,177.19,9.370000000000005,1.056,丙,子,亥
11/30/1936,183.22,6.030000000000001,1.034,丙,子,子
12/31/1936,179.9,-3.319999999999993,0.982,丙,子,丑
01/30/1937,185.74,5.840000000000003,1.032,丁,丑,寅
02/27/1937,187.3,1.5600000000000023,1.008,丁,丑,卯
03/31/1937,186.41,-0.8900000000000148,0.995,丁,丑,辰
04/30/1937,174.27,-12.139999999999986,0.935,丁,丑,巳
05/28/1937,174.71,0.4399999999999977,1.003,丁,丑,午
06/30/1937,169.32,-5.390000000000015,0.969,丁,丑,未
07/31/1937,185.61,16.29000000000002,1.096,丁,丑,申
08/31/1937,177.41,-8.200000000000017,0.956,丁,丑,酉
09/30/1937,154.57,-22.840000000000003,0.871,丁,丑,戌
10/30/1937,138.17,-16.400000000000006,0.894,丁,丑,亥
11/30/1937,123.48,-14.689999999999984,0.894,丁,丑,子
12/31/1937,120.85,-2.6300000000000097,0.979,丁,丑,丑
01/31/1938,121.87,1.0200000000000102,1.008,戊,寅,寅
02/28/1938,129.64,7.769999999999982,1.064,戊,寅,卯
03/31/1938,98.95,-30.689999999999984,0.763,戊,寅,辰
04/30/1938,111.28,12.329999999999998,1.125,戊,寅,巳
05/31/1938,107.74,-3.5400000000000063,0.968,戊,寅,午
06/30/1938,133.88,26.14,1.243,戊,寅,未
07/30/1938,141.25,7.3700000000000045,1.055,戊,寅,申
08/31/1938,139.27,-1.9799999999999898,0.986,戊,寅,酉
09/30/1938,141.45,2.1799999999999784,1.016,戊,寅,戌
10/31/1938,151.73,10.280000000000001,1.073,戊,寅,亥
11/30/1938,149.82,-1.9099999999999966,0.987,戊,寅,子
12/31/1938,154.76,4.939999999999998,1.033,戊,寅,丑
01/31/1939,143.76,-11.0,0.929,己,卯,寅
02/28/1939,147.3,3.5400000000000205,1.025,己,卯,卯
03/31/1939,131.84,-15.460000000000008,0.895,己,卯,辰
04/29/1939,128.45,-3.390000000000015,0.974,己,卯,巳
05/31/1939,138.18,9.730000000000018,1.076,己,卯,午
06/30/1939,130.63,-7.550000000000011,0.945,己,卯,未
07/31/1939,143.26,12.629999999999995,1.097,己,卯,申
08/31/1939,134.41,-8.849999999999994,0.938,己,卯,酉
09/30/1939,152.54,18.129999999999995,1.135,己,卯,戌
10/31/1939,151.88,-0.6599999999999966,0.996,己,卯,亥
11/30/1939,145.69,-6.189999999999998,0.959,己,卯,子
12/30/1939,150.24,4.550000000000011,1.031,己,卯,丑
01/31/1940,145.33,-4.909999999999997,0.967,庚,辰,寅
02/29/1940,146.54,1.2099999999999795,1.008,庚,辰,卯
03/30/1940,147.95,1.4099999999999966,1.01,庚,辰,辰
04/30/1940,148.43,0.4800000000000182,1.003,庚,辰,巳
05/31/1940,116.22,-32.21000000000001,0.783,庚,辰,午
06/29/1940,121.87,5.650000000000006,1.049,庚,辰,未
07/31/1940,126.14,4.269999999999996,1.035,庚,辰,申
08/31/1940,129.42,3.279999999999987,1.026,庚,辰,酉
09/30/1940,132.64,3.219999999999999,1.025,庚,辰,戌
10/31/1940,134.61,1.9700000000000273,1.015,庚,辰,亥
11/30/1940,131,-3.6100000000000136,0.973,庚,辰,子
12/31/1940,131.13,0.12999999999999545,1.001,庚,辰,丑
01/31/1941,124.13,-7.0,0.947,辛,巳,寅
02/28/1941,121.97,-2.1599999999999966,0.983,辛,巳,卯
03/31/1941,122.72,0.75,1.006,辛,巳,辰
04/30/1941,115.54,-7.179999999999993,0.941,辛,巳,巳
05/31/1941,115.76,0.21999999999999886,1.002,辛,巳,午
06/30/1941,123.14,7.3799999999999955,1.064,辛,巳,未
07/31/1941,128.79,5.6499999999999915,1.046,辛,巳,申
08/30/1941,127.7,-1.0899999999999892,0.992,辛,巳,酉
09/30/1941,126.82,-0.8800000000000097,0.993,辛,巳,戌
10/31/1941,117.82,-9.0,0.929,辛,巳,亥
11/29/1941,114.23,-3.589999999999989,0.97,辛,巳,子
12/31/1941,110.96,-3.2700000000000102,0.971,辛,巳,丑
01/31/1942,109.11,-1.8499999999999943,0.983,壬,午,寅
02/28/1942,106.79,-2.319999999999993,0.979,壬,午,卯
03/31/1942,99.53,-7.260000000000005,0.932,壬,午,辰
04/30/1942,95.35,-4.180000000000007,0.958,壬,午,巳
05/29/1942,100.88,5.530000000000001,1.058,壬,午,午
06/30/1942,103.34,2.460000000000008,1.024,壬,午,未
07/31/1942,105.72,2.3799999999999955,1.023,壬,午,申
08/31/1942,106.33,0.6099999999999994,1.006,壬,午,酉
09/30/1942,109.11,2.780000000000001,1.026,壬,午,戌
10/31/1942,114.07,4.959999999999994,1.045,壬,午,亥
11/30/1942,114.5,0.4300000000000068,1.004,壬,午,子
12/31/1942,119.4,4.900000000000006,1.043,壬,午,丑
01/30/1943,125.58,6.179999999999993,1.052,癸,未,寅
02/27/1943,130.11,4.530000000000015,1.036,癸,未,卯
03/31/1943,136.57,6.4599999999999795,1.05,癸,未,辰
04/30/1943,135.48,-1.0900000000000034,0.992,癸,未,巳
05/29/1943,142.06,6.5800000000000125,1.049,癸,未,午
06/30/1943,143.38,1.3199999999999932,1.009,癸,未,未
07/31/1943,135.95,-7.430000000000007,0.948,癸,未,申
08/31/1943,136.62,0.6700000000000159,1.005,癸,未,酉
09/30/1943,140.12,3.5,1.026,癸,未,戌
10/30/1943,138.27,-1.8499999999999943,0.987,癸,未,亥
11/30/1943,129.57,-8.700000000000017,0.937,癸,未,子
12/31/1943,135.89,6.319999999999993,1.049,癸,未,丑
01/31/1944,137.4,1.5100000000000193,1.011,甲,申,寅
02/29/1944,136.3,-1.0999999999999943,0.992,甲,申,卯
03/31/1944,138.84,2.539999999999992,1.019,甲,申,辰
04/29/1944,136.23,-2.6100000000000136,0.981,甲,申,巳
05/31/1944,142.24,6.010000000000019,1.044,甲,申,午
06/30/1944,148.38,6.139999999999986,1.043,甲,申,未
07/31/1944,146.11,-2.269999999999982,0.985,甲,申,申
08/31/1944,146.99,0.8799999999999955,1.006,甲,申,酉
09/30/1944,146.73,-0.2600000000000193,0.998,甲,申,戌
10/31/1944,146.53,-0.19999999999998863,0.999,甲,申,亥
11/30/1944,147.33,0.8000000000000114,1.005,甲,申,子
12/30/1944,152.32,4.989999999999981,1.034,甲,申,丑
01/31/1945,153.67,1.3499999999999943,1.009,乙,酉,寅
02/28/1945,160.4,6.730000000000018,1.044,乙,酉,卯
03/31/1945,154.41,-5.990000000000009,0.963,乙,酉,辰
04/30/1945,165.44,11.030000000000001,1.071,乙,酉,巳
05/31/1945,168.3,2.8600000000000136,1.017,乙,酉,午
06/30/1945,165.29,-3.0100000000000193,0.982,乙,酉,未
07/31/1945,162.88,-2.4099999999999966,0.985,乙,酉,申
08/31/1945,174.29,11.409999999999997,1.07,乙,酉,酉
09/29/1945,181.71,7.420000000000016,1.043,乙,酉,戌
10/31/1945,186.6,4.889999999999986,1.027,乙,酉,亥
11/30/1945,191.46,4.860000000000014,1.026,乙,酉,子
12/31/1945,192.91,1.4499999999999886,1.008,乙,酉,丑
01/31/1946,204.67,11.759999999999991,1.061,丙,戌,寅
02/28/1946,190.09,-14.579999999999984,0.929,丙,戌,卯
03/30/1946,199.75,9.659999999999997,1.051,丙,戌,辰
04/30/1946,206.77,7.02000000000001,1.035,丙,戌,巳
05/31/1946,212.28,5.509999999999991,1.027,丙,戌,午
06/28/1946,205.62,-6.659999999999997,0.969,丙,戌,未
07/31/1946,201.56,-4.060000000000002,0.98,丙,戌,申
08/30/1946,189.19,-12.370000000000005,0.939,丙,戌,酉
09/30/1946,172.42,-16.77000000000001,0.911,丙,戌,戌
10/31/1946,169.15,-3.269999999999982,0.981,丙,戌,亥
11/30/1946,169.8,0.6500000000000057,1.004,丙,戌,子
12/31/1946,177.2,7.399999999999977,1.044,丙,戌,丑
01/31/1947,180.44,3.240000000000009,1.018,丁,亥,寅
02/28/1947,178.9,-1.539999999999992,0.991,丁,亥,卯
03/31/1947,177.2,-1.700000000000017,0.99,丁,亥,辰
04/30/1947,170.64,-6.560000000000002,0.963,丁,亥,巳
05/29/1947,169.25,-1.3899999999999864,0.992,丁,亥,午
06/30/1947,177.3,8.050000000000011,1.048,丁,亥,未
07/31/1947,183.18,5.8799999999999955,1.033,丁,亥,申
08/29/1947,178.85,-4.3300000000000125,0.976,丁,亥,酉
09/30/1947,177.49,-1.3599999999999852,0.992,丁,亥,戌
10/31/1947,181.81,4.319999999999993,1.024,丁,亥,亥
11/29/1947,179.4,-2.4099999999999966,0.987,丁,亥,子
12/31/1947,181.16,1.759999999999991,1.01,丁,亥,丑
01/31/1948,175.05,-6.109999999999985,0.966,戊,子,寅
02/28/1948,167.3,-7.75,0.956,戊,子,卯
03/31/1948,177.2,9.899999999999977,1.059,戊,子,辰
04/30/1948,180.51,3.3100000000000023,1.019,戊,子,巳
05/28/1948,190.74,10.230000000000018,1.057,戊,子,午
06/30/1948,189.46,-1.2800000000000011,0.993,戊,子,未
07/30/1948,181.33,-8.129999999999995,0.957,戊,子,申
08/31/1948,181.71,0.37999999999999545,1.002,戊,子,酉
09/30/1948,178.3,-3.4099999999999966,0.981,戊,子,戌
10/30/1948,188.62,10.319999999999993,1.058,戊,子,亥
11/30/1948,171.2,-17.420000000000016,0.908,戊,子,子
12/31/1948,177.3,6.100000000000023,1.036,戊,子,丑
01/31/1949,179.12,1.8199999999999932,1.01,己,丑,寅
02/28/1949,173.06,-6.060000000000002,0.966,己,丑,卯
03/31/1949,177.1,4.039999999999992,1.023,己,丑,辰
04/30/1949,174.16,-2.9399999999999977,0.983,己,丑,巳
05/31/1949,168.36,-5.799999999999983,0.967,己,丑,午
06/30/1949,167.42,-0.9400000000000261,0.994,己,丑,未
07/29/1949,175.92,8.5,1.051,己,丑,申
08/31/1949,178.66,2.740000000000009,1.016,己,丑,酉
09/30/1949,182.51,3.8499999999999943,1.022,己,丑,戌
10/31/1949,189.54,7.030000000000001,1.039,己,丑,亥
11/30/1949,191.55,2.0100000000000193,1.011,己,丑,子
12/31/1949,200.13,8.579999999999984,1.045,己,丑,丑
01/31/1950,201.79,1.6599999999999966,1.008,庚,寅,寅
02/28/1950,203.44,1.6500000000000057,1.008,庚,寅,卯
03/31/1950,206.05,2.6100000000000136,1.013,庚,寅,辰
04/29/1950,214.33,8.280000000000001,1.04,庚,寅,巳
05/31/1950,223.42,9.089999999999975,1.042,庚,寅,午
06/30/1950,209.11,-14.309999999999974,0.936,庚,寅,未
07/31/1950,209.4,0.28999999999999204,1.001,庚,寅,申
08/31/1950,216.87,7.469999999999999,1.036,庚,寅,酉
09/29/1950,226.36,9.490000000000009,1.044,庚,寅,戌
10/31/1950,225.01,-1.3500000000000227,0.994,庚,寅,亥
11/30/1950,227.6,2.5900000000000034,1.012,庚,寅,子
12/30/1950,235.41,7.810000000000002,1.034,庚,寅,丑
01/31/1951,248.83,13.420000000000016,1.057,辛,卯,寅
02/28/1951,252.05,3.219999999999999,1.013,辛,卯,卯
03/31/1951,247.94,-4.110000000000014,0.984,辛,卯,辰
04/30/1951,259.13,11.189999999999998,1.045,辛,卯,巳
05/31/1951,249.65,-9.47999999999999,0.963,辛,卯,午
06/29/1951,242.64,-7.010000000000019,0.972,辛,卯,未
07/31/1951,257.86,15.220000000000027,1.063,辛,卯,申
08/31/1951,270.25,12.389999999999986,1.048,辛,卯,酉
09/28/1951,271.16,0.910000000000025,1.003,辛,卯,戌
10/31/1951,262.35,-8.810000000000002,0.968,辛,卯,亥
11/30/1951,261.27,-1.080000000000041,0.996,辛,卯,子
12/31/1951,269.23,7.960000000000036,1.03,辛,卯,丑
01/31/1952,270.69,1.4599999999999795,1.005,壬,辰,寅
02/29/1952,260.08,-10.610000000000014,0.961,壬,辰,卯
03/31/1952,269.46,9.379999999999995,1.036,壬,辰,辰
04/30/1952,257.63,-11.829999999999984,0.956,壬,辰,巳
05/29/1952,262.94,5.310000000000002,1.021,壬,辰,午
06/30/1952,274.26,11.319999999999993,1.043,壬,辰,未
07/31/1952,279.56,5.300000000000011,1.019,壬,辰,申
08/29/1952,275.04,-4.519999999999982,0.984,壬,辰,酉
09/30/1952,270.61,-4.430000000000007,0.984,壬,辰,戌
10/31/1952,269.23,-1.3799999999999955,0.995,壬,辰,亥
11/28/1952,283.66,14.430000000000007,1.054,壬,辰,子
12/31/1952,291.9,8.239999999999952,1.029,壬,辰,丑
01/30/1953,289.77,-2.1299999999999955,0.993,癸,巳,寅
02/27/1953,284.27,-5.5,0.981,癸,巳,卯
03/31/1953,279.87,-4.399999999999977,0.985,癸,巳,辰
04/30/1953,274.75,-5.1200000000000045,0.982,癸,巳,巳
05/29/1953,272.28,-2.4700000000000273,0.991,癸,巳,午
06/30/1953,268.26,-4.019999999999982,0.985,癸,巳,未
07/31/1953,275.38,7.1200000000000045,1.027,癸,巳,申
08/31/1953,261.22,-14.159999999999968,0.949,癸,巳,酉
09/30/1953,264.04,2.819999999999993,1.011,癸,巳,戌
10/30/1953,275.81,11.769999999999982,1.045,癸,巳,亥
11/30/1953,281.37,5.560000000000002,1.02,癸,巳,子
12/31/1953,280.9,-0.4700000000000273,0.998,癸,巳,丑
01/29/1954,292.39,11.490000000000009,1.041,甲,午,寅
02/26/1954,294.54,2.150000000000034,1.007,甲,午,卯
03/31/1954,303.51,8.96999999999997,1.03,甲,午,辰
04/30/1954,319.33,15.819999999999993,1.052,甲,午,巳
05/28/1954,327.49,8.160000000000025,1.026,甲,午,午
06/30/1954,333.53,6.039999999999964,1.018,甲,午,未
07/30/1954,347.92,14.390000000000043,1.043,甲,午,申
08/31/1954,335.8,-12.120000000000005,0.965,甲,午,酉
09/30/1954,360.46,24.659999999999968,1.073,甲,午,戌
10/29/1954,352.14,-8.319999999999993,0.977,甲,午,亥
11/30/1954,386.77,34.629999999999995,1.098,甲,午,子
12/31/1954,404.39,17.620000000000005,1.046,甲,午,丑
01/31/1955,408.83,4.439999999999998,1.011,乙,未,寅
02/28/1955,411.87,3.0400000000000205,1.007,乙,未,卯
03/31/1955,409.7,-2.170000000000016,0.995,乙,未,辰
04/29/1955,425.65,15.949999999999989,1.039,乙,未,巳
05/31/1955,424.86,-0.7899999999999636,0.998,乙,未,午
06/30/1955,451.38,26.519999999999982,1.062,乙,未,未
07/29/1955,465.85,14.470000000000027,1.032,乙,未,申
08/31/1955,468.18,2.329999999999984,1.005,乙,未,酉
09/30/1955,466.62,-1.5600000000000023,0.997,乙,未,戌
10/31/1955,454.87,-11.75,0.975,乙,未,亥
11/30/1955,483.26,28.389999999999986,1.062,乙,未,子
12/30/1955,488.4,5.139999999999986,1.011,乙,未,丑
01/31/1956,470.74,-17.659999999999968,0.964,丙,申,寅
02/29/1956,483.65,12.909999999999968,1.027,丙,申,卯
03/29/1956,511.79,28.140000000000043,1.058,丙,申,辰
04/30/1956,516.12,4.329999999999984,1.008,丙,申,巳
05/31/1956,478.05,-38.06999999999999,0.926,丙,申,午
06/29/1956,492.78,14.729999999999961,1.031,丙,申,未
07/31/1956,517.81,25.029999999999973,1.051,丙,申,申
08/31/1956,502.04,-15.769999999999925,0.97,丙,申,酉
09/28/1956,475.25,-26.79000000000002,0.947,丙,申,戌
10/31/1956,479.85,4.600000000000023,1.01,丙,申,亥
11/30/1956,472.78,-7.07000000000005,0.985,丙,申,子
12/31/1956,499.47,26.690000000000055,1.056,丙,申,丑
01/31/1957,479.16,-20.310000000000002,0.959,丁,酉,寅
02/28/1957,464.62,-14.54000000000002,0.97,丁,酉,卯
03/29/1957,474.81,10.189999999999998,1.022,丁,酉,辰
04/30/1957,494.36,19.55000000000001,1.041,丁,酉,巳
05/31/1957,504.93,10.569999999999993,1.021,丁,酉,午
06/28/1957,503.29,-1.6399999999999864,0.997,丁,酉,未
07/31/1957,508.52,5.229999999999961,1.01,丁,酉,申
08/30/1957,484.35,-24.16999999999996,0.952,丁,酉,酉
09/30/1957,456.3,-28.05000000000001,0.942,丁,酉,戌
10/31/1957,441.04,-15.259999999999991,0.967,丁,酉,亥
11/29/1957,449.87,8.829999999999984,1.02,丁,酉,子
12/31/1957,435.69,-14.180000000000007,0.968,丁,酉,丑
01/31/1958,450.02,14.329999999999984,1.033,戊,戌,寅
02/28/1958,439.92,-10.099999999999966,0.978,戊,戌,卯
03/31/1958,446.76,6.839999999999975,1.016,戊,戌,辰
04/30/1958,455.86,9.100000000000023,1.02,戊,戌,巳
05/29/1958,462.7,6.839999999999975,1.015,戊,戌,午
06/30/1958,478.18,15.480000000000018,1.033,戊,戌,未
07/31/1958,502.99,24.810000000000002,1.052,戊,戌,申
08/29/1958,508.63,5.639999999999986,1.011,戊,戌,酉
09/30/1958,532.09,23.460000000000036,1.046,戊,戌,戌
10/31/1958,543.22,11.129999999999995,1.021,戊,戌,亥
11/28/1958,557.46,14.240000000000009,1.026,戊,戌,子
12/31/1958,583.65,26.18999999999994,1.047,戊,戌,丑
01/30/1959,593.96,10.31000000000006,1.018,己,亥,寅
02/27/1959,603.5,9.539999999999964,1.016,己,亥,卯
03/31/1959,601.71,-1.7899999999999636,0.997,己,亥,辰
04/30/1959,623.75,22.039999999999964,1.037,己,亥,巳
05/29/1959,643.79,20.039999999999964,1.032,己,亥,午
06/30/1959,643.6,-0.18999999999994088,1.0,己,亥,未
07/31/1959,674.88,31.279999999999973,1.049,己,亥,申
08/31/1959,664.41,-10.470000000000027,0.984,己,亥,酉
09/30/1959,631.68,-32.73000000000002,0.951,己,亥,戌
10/30/1959,646.6,14.920000000000073,1.024,己,亥,亥
11/30/1959,659.18,12.579999999999927,1.019,己,亥,子
12/31/1959,679.36,20.180000000000064,1.031,己,亥,丑
01/29/1960,622.62,-56.74000000000001,0.916,庚,子,寅
02/29/1960,630.12,7.5,1.012,庚,子,卯
03/31/1960,616.59,-13.529999999999973,0.979,庚,子,辰
04/29/1960,601.7,-14.889999999999986,0.976,庚,子,巳
05/31/1960,625.5,23.799999999999955,1.04,庚,子,午
06/30/1960,640.62,15.120000000000005,1.024,庚,子,未
07/29/1960,616.73,-23.889999999999986,0.963,庚,子,申
08/31/1960,625.99,9.259999999999991,1.015,庚,子,酉
09/30/1960,580.14,-45.85000000000002,0.927,庚,子,戌
10/31/1960,580.36,0.22000000000002728,1.0,庚,子,亥
11/30/1960,597.22,16.860000000000014,1.029,庚,子,子
12/30/1960,615.89,18.66999999999996,1.031,庚,子,丑
01/31/1961,648.2,32.31000000000006,1.052,辛,丑,寅
02/28/1961,662.08,13.879999999999995,1.021,辛,丑,卯
03/30/1961,676.63,14.549999999999955,1.022,辛,丑,辰
04/28/1961,678.71,2.080000000000041,1.003,辛,丑,巳
05/31/1961,696.72,18.00999999999999,1.027,辛,丑,午
06/30/1961,683.96,-12.759999999999991,0.982,辛,丑,未
07/31/1961,705.37,21.409999999999968,1.031,辛,丑,申
08/31/1961,719.94,14.57000000000005,1.021,辛,丑,酉
09/29/1961,701.21,-18.730000000000018,0.974,辛,丑,戌
10/31/1961,703.92,2.7099999999999227,1.004,辛,丑,亥
11/30/1961,721.6,17.680000000000064,1.025,辛,丑,子
12/29/1961,731.14,9.539999999999964,1.013,辛,丑,丑
01/31/1962,700,-31.139999999999986,0.957,壬,寅,寅
02/28/1962,708.05,8.049999999999955,1.011,壬,寅,卯
03/30/1962,706.95,-1.099999999999909,0.998,壬,寅,辰
04/30/1962,665.33,-41.620000000000005,0.941,壬,寅,巳
05/31/1962,613.36,-51.97000000000003,0.922,壬,寅,午
06/29/1962,561.28,-52.08000000000004,0.915,壬,寅,未
07/31/1962,597.93,36.64999999999998,1.065,壬,寅,申
08/31/1962,609.18,11.25,1.019,壬,寅,酉
09/28/1962,578.98,-30.199999999999932,0.95,壬,寅,戌
10/31/1962,589.77,10.789999999999964,1.019,壬,寅,亥
11/30/1962,649.3,59.52999999999997,1.101,壬,寅,子
12/31/1962,652.1,2.800000000000068,1.004,壬,寅,丑
01/31/1963,682.85,30.75,1.047,癸,卯,寅
02/28/1963,662.94,-19.909999999999968,0.971,癸,卯,卯
03/29/1963,682.52,19.579999999999927,1.03,癸,卯,辰
04/30/1963,717.7,35.180000000000064,1.052,癸,卯,巳
05/31/1963,726.96,9.259999999999991,1.013,癸,卯,午
06/28/1963,706.88,-20.08000000000004,0.972,癸,卯,未
07/31/1963,695.43,-11.450000000000045,0.984,癸,卯,申
08/30/1963,729.32,33.8900000000001,1.049,癸,卯,酉
09/30/1963,732.79,3.4699999999999136,1.005,癸,卯,戌
10/31/1963,755.23,22.440000000000055,1.031,癸,卯,亥
11/29/1963,750.52,-4.710000000000036,0.994,癸,卯,子
12/31/1963,762.95,12.430000000000064,1.017,癸,卯,丑
01/31/1964,785.34,22.389999999999986,1.029,甲,辰,寅
02/28/1964,800.14,14.799999999999955,1.019,甲,辰,卯
03/31/1964,813.29,13.149999999999977,1.016,甲,辰,辰
04/30/1964,810.77,-2.519999999999982,0.997,甲,辰,巳
05/28/1964,820.56,9.789999999999964,1.012,甲,辰,午
06/30/1964,831.5,10.940000000000055,1.013,甲,辰,未
07/31/1964,841.1,9.600000000000023,1.012,甲,辰,申
08/31/1964,838.48,-2.6200000000000045,0.997,甲,辰,酉
09/30/1964,875.37,36.889999999999986,1.044,甲,辰,戌
10/30/1964,873.08,-2.2899999999999636,0.997,甲,辰,亥
11/30/1964,875.43,2.349999999999909,1.003,甲,辰,子
12/31/1964,874.13,-1.2999999999999545,0.999,甲,辰,丑
01/29/1965,902.86,28.730000000000018,1.033,乙,巳,寅
02/26/1965,903.48,0.6200000000000045,1.001,乙,巳,卯
03/31/1965,889.05,-14.430000000000064,0.984,乙,巳,辰
04/30/1965,922.31,33.25999999999999,1.037,乙,巳,巳
05/28/1965,918.04,-4.269999999999982,0.995,乙,巳,午
06/30/1965,868.03,-50.00999999999999,0.946,乙,巳,未
07/30/1965,881.74,13.710000000000036,1.016,乙,巳,申
08/31/1965,893.1,11.360000000000014,1.013,乙,巳,酉
09/30/1965,930.58,37.48000000000002,1.042,乙,巳,戌
10/29/1965,960.82,30.24000000000001,1.032,乙,巳,亥
11/30/1965,946.71,-14.110000000000014,0.985,乙,巳,子
12/31/1965,969.26,22.549999999999955,1.024,乙,巳,丑
01/31/1966,983.51,14.25,1.015,丙,午,寅
02/28/1966,951.89,-31.620000000000005,0.968,丙,午,卯
03/31/1966,924.77,-27.120000000000005,0.972,丙,午,辰
04/29/1966,933.68,8.909999999999968,1.01,丙,午,巳
05/31/1966,884.07,-49.6099999999999,0.947,丙,午,午
06/30/1966,870.1,-13.970000000000027,0.984,丙,午,未
07/29/1966,847.38,-22.720000000000027,0.974,丙,午,申
08/31/1966,788.41,-58.97000000000003,0.93,丙,午,酉
09/30/1966,774.22,-14.18999999999994,0.982,丙,午,戌
10/31/1966,807.07,32.85000000000002,1.042,丙,午,亥
11/30/1966,791.59,-15.480000000000018,0.981,丙,午,子
12/30/1966,785.69,-5.899999999999977,0.993,丙,午,丑
01/31/1967,849.89,64.19999999999993,1.082,丁,未,寅
02/28/1967,839.37,-10.519999999999982,0.988,丁,未,卯
03/31/1967,865.98,26.610000000000014,1.032,丁,未,辰
04/28/1967,897.05,31.069999999999936,1.036,丁,未,巳
05/31/1967,852.56,-44.49000000000001,0.95,丁,未,午
06/30/1967,860.26,7.7000000000000455,1.009,丁,未,未
07/31/1967,904.24,43.98000000000002,1.051,丁,未,申
08/31/1967,901.29,-2.9500000000000455,0.997,丁,未,酉
09/29/1967,926.66,25.370000000000005,1.028,丁,未,戌
10/31/1967,879.74,-46.91999999999996,0.949,丁,未,亥
11/30/1967,875.81,-3.9300000000000637,0.996,丁,未,子
12/29/1967,905.11,29.300000000000068,1.033,丁,未,丑
01/31/1968,855.47,-49.639999999999986,0.945,戊,申,寅
02/29/1968,840.5,-14.970000000000027,0.983,戊,申,卯
03/29/1968,840.67,0.16999999999995907,1.0,戊,申,辰
04/30/1968,912.22,71.55000000000007,1.085,戊,申,巳
05/31/1968,899,-13.220000000000027,0.986,戊,申,午
06/28/1968,897.8,-1.2000000000000455,0.999,戊,申,未
07/30/1968,883,-14.799999999999955,0.984,戊,申,申
08/30/1968,896.01,13.009999999999991,1.015,戊,申,酉
09/30/1968,935.79,39.77999999999997,1.044,戊,申,戌
10/31/1968,952.39,16.600000000000023,1.018,戊,申,亥
11/29/1968,985.08,32.690000000000055,1.034,戊,申,子
12/31/1968,943.75,-41.33000000000004,0.958,戊,申,丑
01/31/1969,946.05,2.2999999999999545,1.002,己,酉,寅
02/28/1969,905.21,-40.83999999999992,0.957,己,酉,卯
03/28/1969,935.48,30.269999999999982,1.033,己,酉,辰
04/30/1969,950.18,14.699999999999932,1.016,己,酉,巳
05/29/1969,937.56,-12.620000000000005,0.987,己,酉,午
06/30/1969,873.19,-64.36999999999989,0.931,己,酉,未
07/31/1969,815.47,-57.72000000000003,0.934,己,酉,申
08/29/1969,836.72,21.25,1.026,己,酉,酉
09/30/1969,813.09,-23.629999999999995,0.972,己,酉,戌
10/31/1969,855.99,42.89999999999998,1.053,己,酉,亥
11/28/1969,812.3,-43.690000000000055,0.949,己,酉,子
12/31/1969,800.36,-11.93999999999994,0.985,己,酉,丑
01/30/1970,744.06,-56.30000000000007,0.93,庚,戌,寅
02/27/1970,777.59,33.530000000000086,1.045,庚,戌,卯
03/31/1970,785.57,7.980000000000018,1.01,庚,戌,辰
04/30/1970,736.07,-49.5,0.937,庚,戌,巳
05/29/1970,700.44,-35.629999999999995,0.952,庚,戌,午
06/30/1970,683.53,-16.910000000000082,0.976,庚,戌,未
07/31/1970,734.12,50.59000000000003,1.074,庚,戌,申
08/31/1970,764.58,30.460000000000036,1.041,庚,戌,酉
09/30/1970,760.68,-3.900000000000091,0.995,庚,戌,戌
10/30/1970,755.61,-5.069999999999936,0.993,庚,戌,亥
11/30/1970,794.09,38.48000000000002,1.051,庚,戌,子
12/31/1970,838.92,44.82999999999993,1.056,庚,戌,丑
01/29/1971,868.5,29.58000000000004,1.035,辛,亥,寅
02/26/1971,878.83,10.330000000000041,1.012,辛,亥,卯
03/31/1971,904.37,25.539999999999964,1.029,辛,亥,辰
04/30/1971,941.75,37.379999999999995,1.041,辛,亥,巳
05/28/1971,907.81,-33.940000000000055,0.964,辛,亥,午
06/30/1971,891.14,-16.66999999999996,0.982,辛,亥,未
07/30/1971,858.43,-32.710000000000036,0.963,辛,亥,申
08/31/1971,898.07,39.6400000000001,1.046,辛,亥,酉
09/30/1971,887.19,-10.879999999999995,0.988,辛,亥,戌
10/29/1971,839,-48.190000000000055,0.946,辛,亥,亥
11/30/1971,831.34,-7.659999999999968,0.991,辛,亥,子
12/31/1971,890.2,58.860000000000014,1.071,辛,亥,丑
01/31/1972,902.17,11.969999999999914,1.013,壬,子,寅
02/29/1972,928.13,25.960000000000036,1.029,壬,子,卯
03/30/1972,940.7,12.57000000000005,1.014,壬,子,辰
04/28/1972,954.17,13.469999999999914,1.014,壬,子,巳
05/31/1972,960.72,6.550000000000068,1.007,壬,子,午
06/30/1972,929.03,-31.690000000000055,0.967,壬,子,未
07/31/1972,924.74,-4.289999999999964,0.995,壬,子,申
08/31/1972,963.73,38.99000000000001,1.042,壬,子,酉
09/29/1972,953.27,-10.460000000000036,0.989,壬,子,戌
10/31/1972,955.52,2.25,1.002,壬,子,亥
11/30/1972,1018.21,62.690000000000055,1.066,壬,子,子
12/29/1972,1020.02,1.8099999999999454,1.002,壬,子,丑
01/31/1973,999.02,-21.0,0.979,癸,丑,寅
02/28/1973,955.07,-43.94999999999993,0.956,癸,丑,卯
03/30/1973,951.01,-4.060000000000059,0.996,癸,丑,辰
04/30/1973,921.43,-29.58000000000004,0.969,癸,丑,巳
05/31/1973,901.41,-20.019999999999982,0.978,癸,丑,午
06/29/1973,891.71,-9.699999999999932,0.989,癸,丑,未
07/31/1973,926.4,34.68999999999994,1.039,癸,丑,申
08/31/1973,887.57,-38.82999999999993,0.958,癸,丑,酉
09/28/1973,947.1,59.52999999999997,1.067,癸,丑,戌
10/31/1973,956.58,9.480000000000018,1.01,癸,丑,亥
11/30/1973,822.25,-134.33000000000004,0.86,癸,丑,子
12/31/1973,850.86,28.610000000000014,1.035,癸,丑,丑
01/31/1974,855.55,4.689999999999941,1.006,甲,寅,寅
02/28/1974,860.53,4.980000000000018,1.006,甲,寅,卯
03/29/1974,846.68,-13.850000000000023,0.984,甲,寅,辰
04/30/1974,836.75,-9.92999999999995,0.988,甲,寅,巳
05/31/1974,802.17,-34.58000000000004,0.959,甲,寅,午
06/28/1974,802.41,0.2400000000000091,1.0,甲,寅,未
07/31/1974,757.43,-44.98000000000002,0.944,甲,寅,申
08/30/1974,678.58,-78.84999999999991,0.896,甲,寅,酉
09/30/1974,607.87,-70.71000000000004,0.896,甲,寅,戌
10/31/1974,665.52,57.64999999999998,1.095,甲,寅,亥
11/29/1974,618.66,-46.860000000000014,0.93,甲,寅,子
12/31/1974,616.24,-2.419999999999959,0.996,甲,寅,丑
01/31/1975,703.69,87.45000000000005,1.142,乙,卯,寅
02/28/1975,739.05,35.3599999999999,1.05,乙,卯,卯
03/31/1975,768.15,29.100000000000023,1.039,乙,卯,辰
04/30/1975,821.34,53.190000000000055,1.069,乙,卯,巳
05/30/1975,832.29,10.949999999999932,1.013,乙,卯,午
06/30/1975,878.99,46.700000000000045,1.056,乙,卯,未
07/31/1975,831.51,-47.48000000000002,0.946,乙,卯,申
08/29/1975,835.34,3.830000000000041,1.005,乙,卯,酉
09/30/1975,793.88,-41.460000000000036,0.95,乙,卯,戌
10/31/1975,836.04,42.15999999999997,1.053,乙,卯,亥
11/28/1975,860.67,24.629999999999995,1.029,乙,卯,子
12/31/1975,852.41,-8.259999999999991,0.99,乙,卯,丑
01/30/1976,975.28,122.87,1.144,丙,辰,寅
02/27/1976,972.61,-2.669999999999959,0.997,丙,辰,卯
03/31/1976,999.45,26.840000000000032,1.028,丙,辰,辰
04/30/1976,996.85,-2.6000000000000227,0.997,丙,辰,巳
05/28/1976,975.23,-21.620000000000005,0.978,丙,辰,午
06/30/1976,1002.78,27.549999999999955,1.028,丙,辰,未
07/30/1976,984.64,-18.139999999999986,0.982,丙,辰,申
08/31/1976,973.74,-10.899999999999977,0.989,丙,辰,酉
09/30/1976,990.19,16.450000000000045,1.017,丙,辰,戌
10/29/1976,964.93,-25.260000000000105,0.974,丙,辰,亥
11/30/1976,947.22,-17.709999999999923,0.982,丙,辰,子
12/31/1976,1004.65,57.42999999999995,1.061,丙,辰,丑
01/31/1977,954.37,-50.27999999999997,0.95,丁,巳,寅
02/28/1977,936.42,-17.950000000000045,0.981,丁,巳,卯
03/31/1977,919.13,-17.289999999999964,0.982,丁,巳,辰
04/29/1977,926.9,7.769999999999982,1.008,丁,巳,巳
05/31/1977,898.66,-28.24000000000001,0.97,丁,巳,午
06/30/1977,916.3,17.639999999999986,1.02,丁,巳,未
07/29/1977,890.07,-26.229999999999905,0.971,丁,巳,申
08/31/1977,861.49,-28.58000000000004,0.968,丁,巳,酉
09/30/1977,847.11,-14.379999999999995,0.983,丁,巳,戌
10/31/1977,818.35,-28.75999999999999,0.966,丁,巳,亥
11/30/1977,829.7,11.350000000000023,1.014,丁,巳,子
12/30/1977,831.17,1.4699999999999136,1.002,丁,巳,丑
01/31/1978,769.92,-61.25,0.926,戊,午,寅
02/28/1978,742.12,-27.799999999999955,0.964,戊,午,卯
03/31/1978,757.36,15.240000000000009,1.021,戊,午,辰
04/28/1978,837.32,79.96000000000004,1.106,戊,午,巳
05/31/1978,840.61,3.2899999999999636,1.004,戊,午,午
06/30/1978,818.95,-21.659999999999968,0.974,戊,午,未
07/31/1978,862.27,43.319999999999936,1.053,戊,午,申
08/31/1978,876.82,14.550000000000068,1.017,戊,午,酉
09/29/1978,865.82,-11.0,0.987,戊,午,戌
10/31/1978,792.45,-73.37,0.915,戊,午,亥
11/30/1978,799.03,6.579999999999927,1.008,戊,午,子
12/29/1978,805.01,5.980000000000018,1.007,戊,午,丑
01/31/1979,839.22,34.210000000000036,1.042,己,未,寅
02/28/1979,808.82,-30.399999999999977,0.964,己,未,卯
03/30/1979,862.18,53.3599999999999,1.066,己,未,辰
04/30/1979,854.9,-7.279999999999973,0.992,己,未,巳
05/31/1979,822.33,-32.569999999999936,0.962,己,未,午
06/29/1979,841.98,19.649999999999977,1.024,己,未,未
07/31/1979,846.42,4.439999999999941,1.005,己,未,申
08/31/1979,887.63,41.210000000000036,1.049,己,未,酉
09/28/1979,878.58,-9.049999999999955,0.99,己,未,戌
10/31/1979,815.7,-62.879999999999995,0.928,己,未,亥
11/30/1979,822.35,6.649999999999977,1.008,己,未,子
12/31/1979,838.74,16.389999999999986,1.02,己,未,丑
01/31/1980,875.85,37.110000000000014,1.044,庚,申,寅
02/29/1980,863.14,-12.710000000000036,0.985,庚,申,卯
03/31/1980,785.75,-77.38999999999999,0.91,庚,申,辰
04/30/1980,817.06,31.309999999999945,1.04,庚,申,巳
05/30/1980,850.85,33.79000000000008,1.041,庚,申,午
06/30/1980,867.92,17.069999999999936,1.02,庚,申,未
07/31/1980,935.32,67.40000000000009,1.078,庚,申,申
08/29/1980,932.59,-2.730000000000018,0.997,庚,申,酉
09/30/1980,932.42,-0.17000000000007276,1.0,庚,申,戌
10/31/1980,924.49,-7.92999999999995,0.991,庚,申,亥
11/28/1980,993.34,68.85000000000002,1.074,庚,申,子
12/31/1980,963.99,-29.350000000000023,0.97,庚,申,丑
01/30/1981,947.27,-16.720000000000027,0.983,辛,酉,寅
02/27/1981,974.58,27.31000000000006,1.029,辛,酉,卯
03/31/1981,1003.87,29.289999999999964,1.03,辛,酉,辰
04/30/1981,997.75,-6.1200000000000045,0.994,辛,酉,巳
05/29/1981,991.75,-6.0,0.994,辛,酉,午
06/30/1981,976.88,-14.870000000000005,0.985,辛,酉,未
07/31/1981,952.34,-24.539999999999964,0.975,辛,酉,申
08/31/1981,881.47,-70.87,0.926,辛,酉,酉
09/30/1981,849.98,-31.49000000000001,0.964,辛,酉,戌
10/30/1981,852.55,2.5699999999999363,1.003,辛,酉,亥
11/30/1981,888.98,36.430000000000064,1.043,辛,酉,子
12/31/1981,875,-13.980000000000018,0.984,辛,酉,丑
01/29/1982,871.1,-3.8999999999999773,0.996,壬,戌,寅
02/26/1982,824.39,-46.710000000000036,0.946,壬,戌,卯
03/31/1982,822.77,-1.6200000000000045,0.998,壬,戌,辰
04/30/1982,848.36,25.590000000000032,1.031,壬,戌,巳
05/28/1982,819.54,-28.82000000000005,0.966,壬,戌,午
06/30/1982,811.93,-7.610000000000014,0.991,壬,戌,未
07/30/1982,808.6,-3.3299999999999272,0.996,壬,戌,申
08/31/1982,901.31,92.70999999999992,1.115,壬,戌,酉
09/30/1982,896.25,-5.059999999999945,0.994,壬,戌,戌
10/29/1982,991.72,95.47000000000003,1.107,壬,戌,亥
11/30/1982,1039.28,47.559999999999945,1.048,壬,戌,子
12/31/1982,1046.54,7.259999999999991,1.007,壬,戌,丑
01/31/1983,1075.7,29.160000000000082,1.028,癸,亥,寅
02/28/1983,1112.62,36.919999999999845,1.034,癸,亥,卯
03/31/1983,1130.03,17.410000000000082,1.016,癸,亥,辰
04/29/1983,1226.2,96.17000000000007,1.085,癸,亥,巳
05/31/1983,1199.98,-26.220000000000027,0.979,癸,亥,午
06/30/1983,1221.96,21.980000000000018,1.018,癸,亥,未
07/29/1983,1199.22,-22.74000000000001,0.981,癸,亥,申
08/31/1983,1216.16,16.940000000000055,1.014,癸,亥,酉
09/30/1983,1233.13,16.970000000000027,1.014,癸,亥,戌
10/31/1983,1225.2,-7.930000000000064,0.994,癸,亥,亥
11/30/1983,1276.02,50.819999999999936,1.041,癸,亥,子
12/30/1983,1258.64,-17.37999999999988,0.986,癸,亥,丑
01/31/1984,1220.58,-38.06000000000017,0.97,甲,子,寅
02/29/1984,1154.63,-65.94999999999982,0.946,甲,子,卯
03/30/1984,1164.89,10.259999999999991,1.009,甲,子,辰
04/30/1984,1170.75,5.8599999999999,1.005,甲,子,巳
05/31/1984,1104.85,-65.90000000000009,0.944,甲,子,午
06/29/1984,1132.4,27.550000000000182,1.025,甲,子,未
07/31/1984,1115.28,-17.12000000000012,0.985,甲,子,申
08/31/1984,1224.38,109.10000000000014,1.098,甲,子,酉
09/28/1984,1206.71,-17.670000000000073,0.986,甲,子,戌
10/31/1984,1207.38,0.6700000000000728,1.001,甲,子,亥
11/30/1984,1188.94,-18.440000000000055,0.985,甲,子,子
12/31/1984,1211.57,22.62999999999988,1.019,甲,子,丑
01/31/1985,1286.77,75.20000000000005,1.062,乙,丑,寅
02/28/1985,1284.01,-2.759999999999991,0.998,乙,丑,卯
03/29/1985,1266.78,-17.230000000000018,0.987,乙,丑,辰
04/30/1985,1258.06,-8.720000000000027,0.993,乙,丑,巳
05/31/1985,1315.41,57.350000000000136,1.046,乙,丑,午
06/28/1985,1335.46,20.049999999999955,1.015,乙,丑,未
07/31/1985,1347.45,11.990000000000009,1.009,乙,丑,申
08/30/1985,1334.01,-13.440000000000055,0.99,乙,丑,酉
09/30/1985,1328.63,-5.379999999999882,0.996,乙,丑,戌
10/31/1985,1374.31,45.679999999999836,1.034,乙,丑,亥
11/29/1985,1472.13,97.82000000000016,1.071,乙,丑,子
12/31/1985,1546.67,74.53999999999996,1.051,乙,丑,丑
01/31/1986,1570.99,24.319999999999936,1.016,丙,寅,寅
02/28/1986,1709.06,138.06999999999994,1.088,丙,寅,卯
03/31/1986,1818.61,109.54999999999995,1.064,丙,寅,辰
04/30/1986,1783.98,-34.62999999999988,0.981,丙,寅,巳
05/30/1986,1876.71,92.73000000000002,1.052,丙,寅,午
06/30/1986,1892.72,16.00999999999999,1.009,丙,寅,未
07/31/1986,1775.31,-117.41000000000008,0.938,丙,寅,申
08/29/1986,1898.34,123.02999999999997,1.069,丙,寅,酉
09/30/1986,1767.58,-130.76,0.931,丙,寅,戌
10/31/1986,1877.81,110.23000000000002,1.062,丙,寅,亥
11/28/1986,1914.23,36.42000000000007,1.019,丙,寅,子
12/31/1986,1895.95,-18.279999999999973,0.99,丙,寅,丑
01/30/1987,2158.04,262.0899999999999,1.138,丁,卯,寅
02/27/1987,2223.99,65.94999999999982,1.031,丁,卯,卯
03/31/1987,2304.69,80.70000000000027,1.036,丁,卯,辰
04/30/1987,2286.36,-18.329999999999927,0.992,丁,卯,巳
05/29/1987,2291.57,5.210000000000036,1.002,丁,卯,午
06/30/1987,2418.53,126.96000000000004,1.055,丁,卯,未
07/31/1987,2572.07,153.53999999999996,1.063,丁,卯,申
08/31/1987,2662.95,90.87999999999965,1.035,丁,卯,酉
09/30/1987,2596.28,-66.66999999999962,0.975,丁,卯,戌
10/30/1987,1993.53,-602.7500000000002,0.768,丁,卯,亥
11/30/1987,1833.55,-159.98000000000002,0.92,丁,卯,子
12/31/1987,1938.83,105.27999999999997,1.057,丁,卯,丑
01/29/1988,1958.22,19.3900000000001,1.01,戊,辰,寅
02/29/1988,2071.62,113.39999999999986,1.058,戊,辰,卯
03/31/1988,1988.06,-83.55999999999995,0.96,戊,辰,辰
04/29/1988,2032.33,44.26999999999998,1.022,戊,辰,巳
05/31/1988,2031.12,-1.2100000000000364,0.999,戊,辰,午
06/30/1988,2141.71,110.59000000000015,1.054,戊,辰,未
07/29/1988,2128.73,-12.980000000000018,0.994,戊,辰,申
08/31/1988,2031.65,-97.07999999999993,0.954,戊,辰,酉
09/30/1988,2112.91,81.25999999999976,1.04,戊,辰,戌
10/31/1988,2148.65,35.74000000000024,1.017,戊,辰,亥
11/30/1988,2114.51,-34.13999999999987,0.984,戊,辰,子
12/30/1988,2168.57,54.059999999999945,1.026,戊,辰,丑
01/31/1989,2342.32,173.75,1.08,己,巳,寅
02/28/1989,2258.39,-83.93000000000029,0.964,己,巳,卯
03/31/1989,2293.62,35.23000000000002,1.016,己,巳,辰
04/28/1989,2418.8,125.18000000000029,1.055,己,巳,巳
05/31/1989,2480.15,61.34999999999991,1.025,己,巳,午
06/30/1989,2440.06,-40.090000000000146,0.984,己,巳,未
07/31/1989,2660.66,220.5999999999999,1.09,己,巳,申
08/31/1989,2737.27,76.61000000000013,1.029,己,巳,酉
09/29/1989,2692.82,-44.44999999999982,0.984,己,巳,戌
10/31/1989,2645.08,-47.74000000000024,0.982,己,巳,亥
11/30/1989,2706.27,61.190000000000055,1.023,己,巳,子
12/29/1989,2753.2,46.929999999999836,1.017,己,巳,丑
01/31/1990,2590.54,-162.65999999999985,0.941,庚,午,寅
02/28/1990,2627.25,36.710000000000036,1.014,庚,午,卯
03/30/1990,2707.21,79.96000000000004,1.03,庚,午,辰
04/30/1990,2656.76,-50.44999999999982,0.981,庚,午,巳
05/31/1990,2876.66,219.89999999999964,1.083,庚,午,午
06/29/1990,2880.69,4.0300000000002,1.001,庚,午,未
07/31/1990,2905.2,24.509999999999764,1.009,庚,午,申
08/31/1990,2614.36,-290.8399999999997,0.9,庚,午,酉
09/28/1990,2452.48,-161.8800000000001,0.938,庚,午,戌
10/31/1990,2442.33,-10.150000000000091,0.996,庚,午,亥
11/30/1990,2559.65,117.32000000000016,1.048,庚,午,子
12/31/1990,2633.66,74.00999999999976,1.029,庚,午,丑
01/31/1991,2736.39,102.73000000000002,1.039,辛,未,寅
02/28/1991,2882.18,145.78999999999996,1.053,辛,未,卯
03/28/1991,2913.86,31.68000000000029,1.011,辛,未,辰
04/30/1991,2887.87,-25.990000000000236,0.991,辛,未,巳
05/31/1991,3027.5,139.6300000000001,1.048,辛,未,午
06/28/1991,2906.75,-120.75,0.96,辛,未,未
07/31/1991,3024.82,118.07000000000016,1.041,辛,未,申
08/30/1991,3043.6,18.779999999999745,1.006,辛,未,酉
09/30/1991,3016.77,-26.829999999999927,0.991,辛,未,戌
10/31/1991,3069.1,52.32999999999993,1.017,辛,未,亥
11/29/1991,2894.68,-174.42000000000007,0.943,辛,未,子
12/31/1991,3168.83,274.1500000000001,1.095,辛,未,丑
01/31/1992,3223.39,54.559999999999945,1.017,壬,申,寅
02/28/1992,3267.67,44.2800000000002,1.014,壬,申,卯
03/31/1992,3235.47,-32.20000000000027,0.99,壬,申,辰
04/30/1992,3359.12,123.65000000000009,1.038,壬,申,巳
05/29/1992,3396.88,37.76000000000022,1.011,壬,申,午
06/30/1992,3318.52,-78.36000000000013,0.977,壬,申,未
07/31/1992,3393.78,75.26000000000022,1.023,壬,申,申
08/31/1992,3257.34,-136.44000000000005,0.96,壬,申,酉
09/30/1992,3271.66,14.319999999999709,1.004,壬,申,戌
10/30/1992,3226.28,-45.379999999999654,0.986,壬,申,亥
11/30/1992,3305.16,78.87999999999965,1.024,壬,申,子
12/31/1992,3301.11,-4.049999999999727,0.999,壬,申,丑
01/29/1993,3310.03,8.920000000000073,1.003,癸,酉,寅
02/26/1993,3370.81,60.779999999999745,1.018,癸,酉,卯
03/31/1993,3435.11,64.30000000000018,1.019,癸,酉,辰
04/30/1993,3427.55,-7.559999999999945,0.998,癸,酉,巳
05/31/1993,3527.43,99.87999999999965,1.029,癸,酉,午
06/30/1993,3516.08,-11.349999999999909,0.997,癸,酉,未
07/30/1993,3539.47,23.389999999999873,1.007,癸,酉,申
08/31/1993,3651.25,111.7800000000002,1.032,癸,酉,酉
09/30/1993,3555.12,-96.13000000000011,0.974,癸,酉,戌
10/29/1993,3680.59,125.47000000000025,1.035,癸,酉,亥
11/30/1993,3683.95,3.3599999999996726,1.001,癸,酉,子
12/31/1993,3754.09,70.14000000000033,1.019,癸,酉,丑
01/31/1994,3978.36,224.26999999999998,1.06,甲,戌,寅
02/28/1994,3832.02,-146.34000000000015,0.963,甲,戌,卯
03/31/1994,3635.96,-196.05999999999995,0.949,甲,戌,辰
04/29/1994,3681.69,45.73000000000002,1.013,甲,戌,巳
05/31/1994,3758.37,76.67999999999984,1.021,甲,戌,午
06/30/1994,3624.96,-133.40999999999985,0.965,甲,戌,未
07/30/1994,3764.5,139.53999999999996,1.038,甲,戌,申
08/31/1994,3913.42,148.92000000000007,1.04,甲,戌,酉
09/30/1994,3843.18,-70.24000000000024,0.982,甲,戌,戌
10/31/1994,3908.12,64.94000000000005,1.017,甲,戌,亥
11/30/1994,3739.22,-168.9000000000001,0.957,甲,戌,子
12/31/1994,3834.44,95.22000000000025,1.025,甲,戌,丑
01/31/1995,3843.86,9.420000000000073,1.002,乙,亥,寅
02/28/1995,4011.05,167.19000000000005,1.043,乙,亥,卯
03/31/1995,4157.69,146.63999999999942,1.037,乙,亥,辰
04/29/1995,4321.27,163.58000000000084,1.039,乙,亥,巳
05/31/1995,4465.14,143.8699999999999,1.033,乙,亥,午
06/30/1995,4556.09,90.94999999999982,1.02,乙,亥,未
07/31/1995,4708.47,152.3800000000001,1.033,乙,亥,申
08/31/1995,4610.56,-97.90999999999985,0.979,乙,亥,酉
09/30/1995,4789.08,178.51999999999953,1.039,乙,亥,戌
10/31/1995,4755.48,-33.600000000000364,0.993,乙,亥,亥
11/30/1995,5074.49,319.0100000000002,1.067,乙,亥,子
12/30/1995,5117.12,42.63000000000011,1.008,乙,亥,丑
01/31/1996,5395.3,278.1800000000003,1.054,丙,子,寅
02/29/1996,5485.62,90.31999999999971,1.017,丙,子,卯
03/30/1996,5587.14,101.52000000000044,1.019,丙,子,辰
04/30/1996,5569.07,-18.07000000000062,0.997,丙,子,巳
05/31/1996,5643.17,74.10000000000036,1.013,丙,子,午
06/30/1996,5654.62,11.449999999999818,1.002,丙,子,未
07/31/1996,5528.91,-125.71000000000004,0.978,丙,子,申
08/31/1996,5616.2,87.28999999999996,1.016,丙,子,酉
09/30/1996,5882.16,265.96000000000004,1.047,丙,子,戌
10/31/1996,6029.38,147.22000000000025,1.025,丙,子,亥
11/30/1996,6521.7,492.3199999999997,1.082,丙,子,子
12/31/1996,6448.26,-73.4399999999996,0.989,丙,子,丑
01/31/1997,6813.08,364.8199999999997,1.057,丁,丑,寅
02/28/1997,6877.73,64.64999999999964,1.009,丁,丑,卯
03/31/1997,6583.47,-294.2599999999993,0.957,丁,丑,辰
04/30/1997,7008.99,425.5199999999995,1.065,丁,丑,巳
05/31/1997,7331.04,322.0500000000002,1.046,丁,丑,午
06/30/1997,7672.79,341.75,1.047,丁,丑,未
07/31/1997,8222.61,549.8200000000006,1.072,丁,丑,申
08/31/1997,7622.42,-600.1900000000005,0.927,丁,丑,酉
09/30/1997,7945.25,322.8299999999999,1.042,丁,丑,戌
10/31/1997,7442.08,-503.1700000000001,0.937,丁,丑,亥
11/30/1997,7823.12,381.03999999999996,1.051,丁,丑,子
12/31/1997,7908.24,85.11999999999989,1.011,丁,丑,丑
01/31/1998,7906.5,-1.7399999999997817,1.0,戊,寅,寅
02/28/1998,8545.71,639.2099999999991,1.081,戊,寅,卯
03/31/1998,8799.8,254.09000000000015,1.03,戊,寅,辰
04/30/1998,9063.36,263.5600000000013,1.03,戊,寅,巳
05/31/1998,8899.95,-163.40999999999985,0.982,戊,寅,午
06/30/1998,8952.01,52.05999999999949,1.006,戊,寅,未
07/31/1998,8883.29,-68.71999999999935,0.992,戊,寅,申
08/31/1998,7539.06,-1344.2300000000005,0.849,戊,寅,酉
09/30/1998,7842.62,303.5599999999995,1.04,戊,寅,戌
10/31/1998,8592.11,749.4900000000007,1.096,戊,寅,亥
11/30/1998,9116.55,524.4399999999987,1.061,戊,寅,子
12/31/1998,9181.43,64.88000000000102,1.007,戊,寅,丑
01/31/1999,9358.82,177.38999999999942,1.019,己,卯,寅
02/28/1999,9306.57,-52.25,0.994,己,卯,卯
03/31/1999,9786.16,479.59000000000015,1.052,己,卯,辰
04/30/1999,10789.04,1002.880000000001,1.102,己,卯,巳
05/31/1999,10559.75,-229.29000000000087,0.979,己,卯,午
06/30/1999,10970.81,411.0599999999995,1.039,己,卯,未
07/31/1999,10655.15,-315.65999999999985,0.971,己,卯,申
08/31/1999,10829.28,174.13000000000102,1.016,己,卯,酉
09/30/1999,10336.96,-492.3200000000015,0.955,己,卯,戌
10/31/1999,10729.87,392.9100000000017,1.038,己,卯,亥
11/30/1999,10877.81,147.9399999999987,1.014,己,卯,子
12/31/1999,11497.12,619.3100000000013,1.057,己,卯,丑
01/31/2000,10940.54,-556.5799999999999,0.952,庚,辰,寅
02/29/2000,10128.31,-812.2300000000014,0.926,庚,辰,卯
03/31/2000,10921.93,793.6200000000008,1.078,庚,辰,辰
04/30/2000,10733.92,-188.01000000000022,0.983,庚,辰,巳
05/31/2000,10522.34,-211.57999999999993,0.98,庚,辰,午
06/30/2000,10447.9,-74.44000000000051,0.993,庚,辰,未
07/31/2000,10521.98,74.07999999999993,1.007,庚,辰,申
08/31/2000,11215.1,693.1200000000008,1.066,庚,辰,酉
09/30/2000,10650.92,-564.1800000000003,0.95,庚,辰,戌
10/31/2000,10971.14,320.21999999999935,1.03,庚,辰,亥
11/30/2000,10414.49,-556.6499999999996,0.949,庚,辰,子
12/31/2000,10786.85,372.3600000000006,1.036,庚,辰,丑
01/31/2001,10887.36,100.51000000000022,1.009,辛,巳,寅
02/28/2001,10495.28,-392.0799999999999,0.964,辛,巳,卯
03/31/2001,9878.78,-616.5,0.941,辛,巳,辰
04/30/2001,10734.97,856.1899999999987,1.087,辛,巳,巳
05/31/2001,10911.94,176.97000000000116,1.016,辛,巳,午
06/30/2001,10502.4,-409.5400000000009,0.962,辛,巳,未
07/31/2001,10522.81,20.409999999999854,1.002,辛,巳,申
08/31/2001,9949.75,-573.0599999999995,0.946,辛,巳,酉
09/30/2001,8847.56,-1102.1900000000005,0.889,辛,巳,戌
10/31/2001,9075.14,227.57999999999993,1.026,辛,巳,亥
11/30/2001,9851.56,776.4200000000001,1.086,辛,巳,子
12/31/2001,10021.5,169.9400000000005,1.017,辛,巳,丑
01/31/2002,9920,-101.5,0.99,壬,午,寅
02/28/2002,10106.13,186.1299999999992,1.019,壬,午,卯
03/31/2002,10403.94,297.8100000000013,1.029,壬,午,辰
04/30/2002,9946.22,-457.72000000000116,0.956,壬,午,巳
05/31/2002,9925.25,-20.969999999999345,0.998,壬,午,午
06/30/2002,9243.26,-681.9899999999998,0.931,壬,午,未
07/31/2002,8736.59,-506.6700000000001,0.945,壬,午,申
08/31/2002,8663.5,-73.09000000000015,0.992,壬,午,酉
09/30/2002,7591.93,-1071.5699999999997,0.876,壬,午,戌
10/31/2002,8397.03,805.1000000000004,1.106,壬,午,亥
11/30/2002,8896.09,499.0599999999995,1.059,壬,午,子
12/31/2002,8341.63,-554.460000000001,0.938,壬,午,丑
01/31/2003,8053.81,-287.8199999999988,0.965,癸,未,寅
02/28/2003,7891.08,-162.73000000000047,0.98,癸,未,卯
03/31/2003,7992.13,101.05000000000018,1.013,癸,未,辰
04/30/2003,8480.09,487.96000000000004,1.061,癸,未,巳
05/31/2003,8850.26,370.1700000000001,1.044,癸,未,午
06/30/2003,8985.44,135.1800000000003,1.015,癸,未,未
07/31/2003,9233.8,248.35999999999876,1.028,癸,未,申
08/31/2003,9415.82,182.02000000000044,1.02,癸,未,酉
09/30/2003,9275.06,-140.76000000000022,0.985,癸,未,戌
10/31/2003,9801.12,526.0600000000013,1.057,癸,未,亥
11/30/2003,9782.46,-18.660000000001673,0.998,癸,未,子
12/31/2003,10453.92,671.460000000001,1.069,癸,未,丑
01/31/2004,10488.07,34.149999999999636,1.003,甲,申,寅
02/29/2004,10583.92,95.85000000000036,1.009,甲,申,卯
03/31/2004,10357.7,-226.21999999999935,0.979,甲,申,辰
04/30/2004,10225.57,-132.13000000000102,0.987,甲,申,巳
05/31/2004,10188.45,-37.11999999999898,0.996,甲,申,午
06/30/2004,10435.48,247.02999999999884,1.024,甲,申,未
07/31/2004,10139.71,-295.77000000000044,0.972,甲,申,申
08/31/2004,10173.92,34.210000000000946,1.003,甲,申,酉
09/30/2004,10080.27,-93.64999999999964,0.991,甲,申,戌
10/31/2004,10027.47,-52.80000000000109,0.995,甲,申,亥
11/30/2004,10428.02,400.5500000000011,1.04,甲,申,子
12/31/2004,10783.01,354.9899999999998,1.034,甲,申,丑
01/31/2005,10489.94,-293.0699999999997,0.973,乙,酉,寅
02/28/2005,10766.23,276.28999999999905,1.026,乙,酉,卯
03/31/2005,10503.76,-262.46999999999935,0.976,乙,酉,辰
04/30/2005,10192.51,-311.25,0.97,乙,酉,巳
05/31/2005,10467.48,274.96999999999935,1.027,乙,酉,午
06/30/2005,10274.97,-192.51000000000022,0.982,乙,酉,未
07/31/2005,10640.91,365.9400000000005,1.036,乙,酉,申
08/31/2005,10481.6,-159.3099999999995,0.985,乙,酉,酉
09/30/2005,10568.7,87.10000000000036,1.008,乙,酉,戌
10/31/2005,10440.07,-128.63000000000102,0.988,乙,酉,亥
11/30/2005,10805.87,365.8000000000011,1.035,乙,酉,子
12/31/2005,10717.5,-88.3700000000008,0.992,乙,酉,丑
01/31/2006,10864.86,147.36000000000058,1.014,丙,戌,寅
02/28/2006,10993.41,128.54999999999927,1.012,丙,戌,卯
03/31/2006,11109.32,115.90999999999985,1.011,丙,戌,辰
04/30/2006,11367.14,257.8199999999997,1.023,丙,戌,巳
05/31/2006,11168.31,-198.82999999999993,0.983,丙,戌,午
06/30/2006,11150.22,-18.090000000000146,0.998,丙,戌,未
07/31/2006,11185.68,35.460000000000946,1.003,丙,戌,申
08/31/2006,11381.15,195.46999999999935,1.017,丙,戌,酉
09/30/2006,11679.07,297.9200000000001,1.026,丙,戌,戌
10/31/2006,12080.73,401.65999999999985,1.034,丙,戌,亥
11/30/2006,12221.93,141.20000000000073,1.012,丙,戌,子
12/31/2006,12463.15,241.21999999999935,1.02,丙,戌,丑
01/31/2007,12621.69,158.54000000000087,1.013,丁,亥,寅
02/28/2007,12268.63,-353.0600000000013,0.972,丁,亥,卯
03/31/2007,12354.35,85.72000000000116,1.007,丁,亥,辰
04/30/2007,13062.91,708.5599999999995,1.057,丁,亥,巳
05/31/2007,13627.64,564.7299999999996,1.043,丁,亥,午
06/30/2007,13408.62,-219.01999999999862,0.984,丁,亥,未
07/31/2007,13211.99,-196.63000000000102,0.985,丁,亥,申
08/31/2007,13357.74,145.75,1.011,丁,亥,酉
09/30/2007,13895.63,537.8899999999994,1.04,丁,亥,戌
10/31/2007,13930.01,34.38000000000102,1.002,丁,亥,亥
11/30/2007,13371.72,-558.2900000000009,0.96,丁,亥,子
12/31/2007,13264.82,-106.89999999999964,0.992,丁,亥,丑
01/31/2008,12650.36,-614.4599999999991,0.954,戊,子,寅
02/29/2008,12266.39,-383.97000000000116,0.97,戊,子,卯
03/31/2008,12262.89,-3.5,1.0,戊,子,辰
04/30/2008,12820.13,557.2399999999998,1.045,戊,子,巳
05/31/2008,12638.32,-181.8099999999995,0.986,戊,子,午
06/30/2008,11350.01,-1288.3099999999995,0.898,戊,子,未
07/31/2008,11378.02,28.01000000000022,1.002,戊,子,申
08/31/2008,11543.55,165.52999999999884,1.015,戊,子,酉
09/30/2008,10850.66,-692.8899999999994,0.94,戊,子,戌
10/31/2008,9325.01,-1525.6499999999996,0.859,戊,子,亥
11/30/2008,8829.04,-495.96999999999935,0.947,戊,子,子
12/31/2008,8776.39,-52.650000000001455,0.994,戊,子,丑
01/31/2009,8000.86,-775.5299999999997,0.912,己,丑,寅
02/28/2009,7062.93,-937.9299999999994,0.883,己,丑,卯
03/31/2009,7608.92,545.9899999999998,1.077,己,丑,辰
04/30/2009,8168.12,559.1999999999998,1.073,己,丑,巳
05/31/2009,8500.33,332.21000000000004,1.041,己,丑,午
06/30/2009,8447,-53.32999999999993,0.994,己,丑,未
07/31/2009,9171.61,724.6100000000006,1.086,己,丑,申
08/31/2009,9496.28,324.6700000000001,1.035,己,丑,酉
09/30/2009,9712.28,216.0,1.023,己,丑,戌
10/31/2009,9712.73,0.4499999999989086,1.0,己,丑,亥
11/30/2009,10344.84,632.1100000000006,1.065,己,丑,子
12/31/2009,10428.05,83.20999999999913,1.008,己,丑,丑
01/31/2010,10067.33,-360.71999999999935,0.965,庚,寅,寅
02/28/2010,10325.26,257.9300000000003,1.026,庚,寅,卯
03/31/2010,10856.63,531.369999999999,1.051,庚,寅,辰
04/30/2010,11008.61,151.98000000000138,1.014,庚,寅,巳
05/31/2010,10136.63,-871.9800000000014,0.921,庚,寅,午
06/30/2010,9774.02,-362.60999999999876,0.964,庚,寅,未
07/31/2010,10465.94,691.9200000000001,1.071,庚,寅,申
08/31/2010,10014.72,-451.22000000000116,0.957,庚,寅,酉
09/30/2010,10788.05,773.3299999999999,1.077,庚,寅,戌
10/31/2010,11118.49,330.4400000000005,1.031,庚,寅,亥
11/30/2010,11006.02,-112.46999999999935,0.99,庚,寅,子
12/31/2010,11577.51,571.4899999999998,1.052,庚,寅,丑
01/31/2011,11891.93,314.4200000000001,1.027,辛,卯,寅
02/28/2011,12226.34,334.40999999999985,1.028,辛,卯,卯
03/31/2011,12319.73,93.38999999999942,1.008,辛,卯,辰
04/30/2011,12810.54,490.8100000000013,1.04,辛,卯,巳
05/31/2011,12569.79,-240.75,0.981,辛,卯,午
06/30/2011,12414.34,-155.45000000000073,0.988,辛,卯,未
07/31/2011,12143.24,-271.10000000000036,0.978,辛,卯,申
08/31/2011,11613.53,-529.7099999999991,0.956,辛,卯,酉
09/30/2011,10913.38,-700.1500000000015,0.94,辛,卯,戌
10/31/2011,11955.01,1041.630000000001,1.095,辛,卯,亥
11/30/2011,12045.68,90.67000000000007,1.008,辛,卯,子
12/31/2011,12217.56,171.8799999999992,1.014,辛,卯,丑
01/31/2012,12632.91,415.35000000000036,1.034,壬,辰,寅
02/29/2012,12952.07,319.15999999999985,1.025,壬,辰,卯
03/31/2012,13212.04,259.97000000000116,1.02,壬,辰,辰
04/30/2012,13213.63,1.5899999999983265,1.0,壬,辰,巳
05/31/2012,12393.45,-820.1799999999985,0.938,壬,辰,午
06/30/2012,12880.09,486.6399999999994,1.039,壬,辰,未
07/31/2012,13008.68,128.59000000000015,1.01,壬,辰,申
08/31/2012,13090.84,82.15999999999985,1.006,壬,辰,酉
09/28/2012,13437.13,346.28999999999905,1.026,壬,辰,戌
10/31/2012,13096.46,-340.6700000000001,0.975,壬,辰,亥
11/30/2012,13025.58,-70.8799999999992,0.995,壬,辰,子
12/31/2012,13104.14,78.55999999999949,1.006,壬,辰,丑
01/31/2013,13860.58,756.4400000000005,1.058,癸,巳,寅
02/28/2013,14054.49,193.90999999999985,1.014,癸,巳,卯
03/28/2013,14578.54,524.0500000000011,1.037,癸,巳,辰
04/30/2013,14839.8,261.2599999999984,1.018,癸,巳,巳
05/31/2013,15115.57,275.77000000000044,1.019,癸,巳,午
06/28/2013,14909.6,-205.96999999999935,0.986,癸,巳,未
07/31/2013,15499.54,589.9400000000005,1.04,癸,巳,申
08/30/2013,14810.31,-689.2300000000014,0.956,癸,巳,酉
09/30/2013,15129.67,319.3600000000006,1.022,癸,巳,戌
10/31/2013,15545.75,416.0799999999999,1.028,癸,巳,亥
11/29/2013,16086.41,540.6599999999999,1.035,癸,巳,子
12/31/2013,16576.66,490.25,1.03,癸,巳,丑
01/31/2014,15698.85,-877.8099999999995,0.947,甲,午,寅
02/28/2014,16321.71,622.8599999999988,1.04,甲,午,卯
03/31/2014,16457.66,135.95000000000073,1.008,甲,午,辰
04/30/2014,16580.84,123.18000000000029,1.007,甲,午,巳
05/30/2014,16717.17,136.3299999999981,1.008,甲,午,午
06/30/2014,16826.6,109.43000000000029,1.007,甲,午,未
07/31/2014,16563.3,-263.2999999999993,0.984,甲,午,申
08/29/2014,17098.45,535.1500000000015,1.032,甲,午,酉
09/30/2014,17042.9,-55.54999999999927,0.997,甲,午,戌
10/31/2014,17390.52,347.619999999999,1.02,甲,午,亥
11/28/2014,17828.24,437.72000000000116,1.025,甲,午,子
12/31/2014,17823.07,-5.170000000001892,1.0,甲,午,丑
01/30/2015,17164.95,-658.119999999999,0.963,乙,未,寅
02/27/2015,18132.7,967.75,1.056,乙,未,卯
03/31/2015,17776.12,-356.58000000000175,0.98,乙,未,辰
04/30/2015,17840.52,64.40000000000146,1.004,乙,未,巳
05/29/2015,18010.68,170.15999999999985,1.01,乙,未,午
06/30/2015,17619.51,-391.1700000000019,0.978,乙,未,未
07/31/2015,17689.86,70.35000000000218,1.004,乙,未,申
08/31/2015,16528.03,-1161.8300000000017,0.934,乙,未,酉
09/30/2015,16284.7,-243.3299999999981,0.985,乙,未,戌
10/30/2015,17663.54,1378.8400000000001,1.085,乙,未,亥
11/30/2015,17719.92,56.37999999999738,1.003,乙,未,子
12/31/2015,17425.03,-294.8899999999994,0.983,乙,未,丑
01/29/2016,16466.3,-958.7299999999996,0.945,丙,申,寅
02/29/2016,16516.5,50.20000000000073,1.003,丙,申,卯
03/31/2016,17685.09,1168.5900000000001,1.071,丙,申,辰
04/29/2016,17773.64,88.54999999999927,1.005,丙,申,巳
05/31/2016,17787.2,13.56000000000131,1.001,丙,申,午
06/30/2016,17929.99,142.79000000000087,1.008,丙,申,未
07/29/2016,18432.24,502.25,1.028,丙,申,申
08/31/2016,18400.88,-31.360000000000582,0.998,丙,申,酉
09/30/2016,18308.15,-92.72999999999956,0.995,丙,申,戌
10/31/2016,18142.42,-165.7300000000032,0.991,丙,申,亥
11/30/2016,19123.58,981.1600000000035,1.054,丙,申,子
12/30/2016,19762.6,639.0199999999968,1.033,丙,申,丑
01/31/2017,19864.09,101.4900000000016,1.005,丁,酉,寅
02/28/2017,20812.24,948.1500000000015,1.048,丁,酉,卯
03/31/2017,20663.22,-149.02000000000044,0.993,丁,酉,辰
04/28/2017,20940.51,277.28999999999724,1.013,丁,酉,巳
05/31/2017,21008.65,68.14000000000306,1.003,丁,酉,午
06/30/2017,21349.63,340.97999999999956,1.016,丁,酉,未
07/31/2017,21891.12,541.489999999998,1.025,丁,酉,申
08/31/2017,21948.1,56.97999999999956,1.003,丁,酉,酉
09/29/2017,22405.09,456.9900000000016,1.021,丁,酉,戌
10/31/2017,23377.24,972.1500000000015,1.043,丁,酉,亥
11/30/2017,24272.35,895.109999999997,1.038,丁,酉,子
12/29/2017,24719.22,446.8700000000026,1.018,丁,酉,丑
01/31/2018,26149.39,1430.1699999999983,1.058,戊,戌,寅
02/28/2018,25029.2,-1120.1899999999987,0.957,戊,戌,卯
03/29/2018,24103.11,-926.0900000000001,0.963,戊,戌,辰
04/30/2018,24163.15,60.04000000000087,1.002,戊,戌,巳
05/31/2018,24415.84,252.6899999999987,1.01,戊,戌,午
06/29/2018,24271.41,-144.4300000000003,0.994,戊,戌,未
07/31/2018,25415.19,1143.7799999999988,1.047,戊,戌,申
08/31/2018,25964.82,549.630000000001,1.022,戊,戌,酉
09/28/2018,26458.31,493.4900000000016,1.019,戊,戌,戌
10/31/2018,25115.76,-1342.550000000003,0.949,戊,戌,亥
11/30/2018,25538.46,422.7000000000007,1.017,戊,戌,子
12/31/2018,23327.46,-2211.0,0.913,戊,戌,丑
01/31/2019,24999.67,1672.2099999999991,1.072,己,亥,寅
02/28/2019,25916,916.3300000000017,1.037,己,亥,卯
03/29/2019,25928.68,12.680000000000291,1.0,己,亥,辰
04/30/2019,26592.91,664.2299999999996,1.026,己,亥,巳
05/31/2019,24815.04,-1777.869999999999,0.933,己,亥,午
06/28/2019,26599.96,1784.9199999999983,1.072,己,亥,未
07/31/2019,26864.27,264.3100000000013,1.01,己,亥,申
08/30/2019,26403.28,-460.9900000000016,0.983,己,亥,酉
09/30/2019,26916.83,513.5500000000029,1.019,己,亥,戌
10/31/2019,27046.23,129.39999999999782,1.005,己,亥,亥
11/29/2019,28051.41,1005.1800000000003,1.037,己,亥,子
12/31/2019,28538.44,487.02999999999884,1.017,己,亥,丑
01/31/2020,28256.03,-282.40999999999985,0.99,庚,子,寅
02/28/2020,25409.36,-2846.6699999999983,0.899,庚,子,卯
03/31/2020,21917.16,-3492.2000000000007,0.863,庚,子,辰
04/30/2020,24345.72,2428.5600000000013,1.111,庚,子,巳
05/29/2020,25383.11,1037.3899999999994,1.043,庚,子,午
06/30/2020,25812.88,429.77000000000044,1.017,庚,子,未
07/31/2020,26428.32,615.4399999999987,1.024,庚,子,申
08/31/2020,28430.05,2001.7299999999996,1.076,庚,子,酉
09/30/2020,27781.7,-648.3499999999985,0.977,庚,子,戌
10/30/2020,26501.6,-1280.1000000000022,0.954,庚,子,亥
11/30/2020,29638.64,3137.040000000001,1.118,庚,子,子
12/31/2020,30606.48,967.8400000000001,1.033,庚,子,丑
01/29/2021,29982.62,-623.8600000000006,0.98,辛,丑,寅
02/26/2021,30932.37,949.75,1.032,辛,丑,卯
03/31/2021,32981.55,2049.180000000004,1.066,辛,丑,辰
04/30/2021,33874.85,893.2999999999956,1.027,辛,丑,巳
05/28/2021,34529.45,654.5999999999985,1.019,辛,丑,午
06/30/2021,34502.51,-26.939999999995052,0.999,辛,丑,未
07/30/2021,34935.47,432.9599999999991,1.013,辛,丑,申
08/31/2021,35360.73,425.26000000000204,1.012,辛,丑,酉
09/30/2021,33843.92,-1516.810000000005,0.957,辛,丑,戌
10/29/2021,35819.56,1975.6399999999994,1.058,辛,丑,亥
11/30/2021,34483.72,-1335.8399999999965,0.963,辛,丑,子
12/31/2021,36338.3,1854.5800000000017,1.054,辛,丑,丑
01/31/2022,35131.86,-1206.4400000000023,0.967,壬,寅,寅
02/28/2022,33892.6,-1239.260000000002,0.965,壬,寅,卯
03/31/2022,34678.35,785.75,1.023,壬,寅,辰
04/29/2022,32977.21,-1701.1399999999994,0.951,壬,寅,巳
05/31/2022,32990.12,12.910000000003492,1.0,壬,寅,午
06/30/2022,30775.43,-2214.6900000000023,0.933,壬,寅,未
07/29/2022,32845.13,2069.699999999997,1.067,壬,寅,申
08/31/2022,31510.43,-1334.699999999997,0.959,壬,寅,酉
09/30/2022,28725.51,-2784.920000000002,0.912,壬,寅,戌
10/31/2022,32732.95,4007.4400000000023,1.14,壬,寅,亥
11/30/2022,34589.77,1856.819999999996,1.057,壬,寅,子
12/30/2022,33147.25,-1442.5199999999968,0.958,壬,寅,丑
01/31/2023,34086.04,938.7900000000009,1.028,癸,卯,寅
02/28/2023,32656.7,-1429.3400000000001,0.958,癸,卯,卯
03/31/2023,33274.15,617.4500000000007,1.019,癸,卯,辰
04/28/2023,34098.16,824.010000000002,1.025,癸,卯,巳
05/31/2023,32908.27,-1189.8900000000067,0.965,癸,卯,午
06/30/2023,34407.6,1499.3300000000017,1.046,癸,卯,未
07/31/2023,35559.53,1151.9300000000003,1.033,癸,卯,申
08/31/2023,34721.91,-837.6199999999953,0.976,癸,卯,酉
09/29/2023,33507.5,-1214.4100000000035,0.965,癸,卯,戌
10/31/2023,33052.87,-454.6299999999974,0.986,癸,卯,亥
11/30/2023,35950.89,2898.019999999997,1.088,癸,卯,子
12/29/2023,37689.54,1738.6500000000015,1.048,癸,卯,丑
01/31/2024,38150.3,460.76000000000204,1.012,甲,辰,寅
02/29/2024,38996.39,846.0899999999965,1.022,甲,辰,卯
03/28/2024,39807.37,810.9800000000032,1.021,甲,辰,辰
04/30/2024,37815.92,-1991.4500000000044,0.95,甲,辰,巳
05/31/2024,38686.32,870.4000000000015,1.023,甲,辰,午
06/28/2024,39118.86,432.5400000000009,1.011,甲,辰,未
07/31/2024,40842.79,1723.9300000000003,1.044,甲,辰,申
08/30/2024,41563.08,720.2900000000009,1.018,甲,辰,酉
09/30/2024,42330.15,767.0699999999997,1.018,甲,辰,戌
10/31/2024,41763.46,-566.6900000000023,0.987,甲,辰,亥
11/29/2024,44910.65,3147.1900000000023,1.075,甲,辰,子
12/31/2024,42544.22,-2366.4300000000003,0.947,甲,辰,丑
01/31/2025,44544.66,2000.4400000000023,1.047,乙,巳,寅
02/28/2025,43840.91,-703.75,0.984,乙,巳,卯
03/31/2025,42001.76,-1839.1500000000015,0.958,乙,巳,辰
